30/08/2019 8:30,BTCUSD,9523.6,9529.1,9523.6,9529.1,0.0082433
30/08/2019 8:31,BTCUSD,9529.1,9529.1,9526.67,9528.28,0.02066169
30/08/2019 8:32,BTCUSD,9528.28,9530.37,9528.28,9529.82,0.00873498
30/08/2019 8:33,BTCUSD,9529.82,9533.16,9529.82,9533.16,3.60E-05
30/08/2019 8:34,BTCUSD,9533.16,9537.63,9533.16,9537.63,4.40E-05
30/08/2019 8:35,BTCUSD,9537.63,9537.63,9525.92,9525.92,0.00967186
30/08/2019 8:36,BTCUSD,9525.92,9525.92,9516.66,9516.66,1.00E-05
30/08/2019 8:37,BTCUSD,9516.66,9516.66,9516.66,9516.66,0
30/08/2019 8:38,BTCUSD,9516.66,9516.66,9516.66,9516.66,0
30/08/2019 8:39,BTCUSD,9516.66,9526.11,9516.66,9526.11,0.05144673
30/08/2019 8:40,BTCUSD,9526.11,9530.3,9526.11,9530.3,0.0706185
30/08/2019 8:41,BTCUSD,9530.3,9535.88,9530.3,9535.88,0.01711975
30/08/2019 8:42,BTCUSD,9535.88,9535.88,9535.88,9535.88,0
30/08/2019 8:43,BTCUSD,9535.88,9537.87,9535.88,9537.87,0.64280301
30/08/2019 8:44,BTCUSD,9537.87,9537.87,9533.05,9533.05,0.00054433
30/08/2019 8:45,BTCUSD,9533.05,9533.05,9533,9533,0.05001
30/08/2019 8:46,BTCUSD,9533,9533,9533,9533,0
30/08/2019 8:47,BTCUSD,9533,9541.74,9533,9541.74,0.05637044
30/08/2019 8:48,BTCUSD,9541.74,9541.74,9541.74,9541.74,0
30/08/2019 8:49,BTCUSD,9541.74,9542.96,9540.79,9540.79,0.00412226
30/08/2019 8:50,BTCUSD,9540.79,9545.19,9540.79,9545.19,0.05132081
30/08/2019 8:51,BTCUSD,9545.19,9545.19,9543.47,9543.47,1.00E-05
30/08/2019 8:52,BTCUSD,9543.47,9543.47,9531.59,9531.59,2.00E-05
30/08/2019 8:53,BTCUSD,9531.59,9533.77,9531.59,9533.77,0.45
30/08/2019 8:54,BTCUSD,9533.77,9536.15,9533.77,9536.15,0.36917698
30/08/2019 8:55,BTCUSD,9536.15,9536.15,9536.15,9536.15,0
30/08/2019 8:56,BTCUSD,9536.15,9536.15,9529.87,9529.87,0.03086456
30/08/2019 8:57,BTCUSD,9529.87,9529.87,9516.06,9516.06,0.00164127
30/08/2019 8:58,BTCUSD,9516.06,9516.06,9516.04,9516.04,1.00E-05
30/08/2019 8:59,BTCUSD,9516.04,9521.89,9516.04,9521.89,0.256072384
30/08/2019 9:00,BTCUSD,9521.89,9521.89,9514.73,9514.73,1.00E-05
30/08/2019 9:01,BTCUSD,9514.73,9514.73,9509.63,9510.59,1.3012227
30/08/2019 9:02,BTCUSD,9510.59,9510.59,9510.59,9510.59,0
30/08/2019 9:03,BTCUSD,9510.59,9480.59,9510.59,9510.59,0
30/08/2019 9:04,BTCUSD,9510.59,9510.59,9510.59,9510.59,0
30/08/2019 9:05,BTCUSD,9510.59,9522.25,9510.59,9522.25,0.02
30/08/2019 9:06,BTCUSD,9522.25,9522.25,9522.25,9522.25,0.00094149
30/08/2019 9:07,BTCUSD,9522.25,9522.25,9522.25,9522.25,0
30/08/2019 9:08,BTCUSD,9522.25,9529.27,9522.25,9524.28,0.05182435
30/08/2019 9:09,BTCUSD,9524.28,9524.28,9524.28,9524.28,0
30/08/2019 9:10,BTCUSD,9524.28,9524.28,9519.45,9523.9,0.01804226
30/08/2019 9:11,BTCUSD,9523.9,9523.9,9520.9,9520.9,0.00193446
30/08/2019 9:12,BTCUSD,9520.9,9529.81,9520.9,9529.81,0.00245472
30/08/2019 9:13,BTCUSD,9529.81,9541.39,9529.81,9541.39,0.01314895
30/08/2019 9:14,BTCUSD,9541.39,9543.02,9535.74,9535.74,0.20884672
30/08/2019 9:15,BTCUSD,9535.74,9535.74,9535.74,9535.74,0
30/08/2019 9:16,BTCUSD,9535.74,9539.48,9535.74,9539.48,0.00161774
30/08/2019 9:17,BTCUSD,9539.48,9541.31,9539.48,9541.31,1.148915692
30/08/2019 9:18,BTCUSD,9541.31,9548.31,9536.06,9536.06,0.02568365
30/08/2019 9:19,BTCUSD,9536.06,9536.06,9536.06,9536.06,0
30/08/2019 9:20,BTCUSD,9536.06,9536.06,9536.06,9536.06,0
30/08/2019 9:21,BTCUSD,9536.06,9538.13,9536.06,9538.13,0.00478966
30/08/2019 9:22,BTCUSD,9538.13,9540.97,9538.13,9540.96,0.001
30/08/2019 9:23,BTCUSD,9540.96,9540.96,9540.96,9540.96,0
30/08/2019 9:24,BTCUSD,9540.96,9540.96,9540.96,9540.96,0
30/08/2019 9:25,BTCUSD,9540.96,9589.96,9540.96,9565.68,1.60172384
30/08/2019 9:26,BTCUSD,9565.68,9565.68,9546.21,9549.8,0.02852329
30/08/2019 9:27,BTCUSD,9549.8,9556.02,9549.8,9556.02,0.00093801
30/08/2019 9:28,BTCUSD,9556.02,9556.02,9551.14,9551.14,0.02053631
30/08/2019 9:29,BTCUSD,9551.14,9551.14,9551.14,9551.14,0
30/08/2019 9:30,BTCUSD,9551.14,9553.38,9551.14,9553.38,1.00E-05
30/08/2019 9:31,BTCUSD,9553.38,9553.38,9548.41,9548.41,0.00096891
30/08/2019 9:32,BTCUSD,9548.41,9548.41,9548.41,9548.41,0.02055008
30/08/2019 9:33,BTCUSD,9548.41,9548.46,9548.41,9548.46,1.00E-05
30/08/2019 9:34,BTCUSD,9548.46,9548.46,9548.41,9548.41,0.08124989
30/08/2019 9:35,BTCUSD,9548.41,9552.28,9548.41,9552.28,0.05130499
30/08/2019 9:36,BTCUSD,9552.28,9552.28,9549.19,9549.19,0.05870801
30/08/2019 9:37,BTCUSD,9549.19,9549.19,9540.39,9540.39,1.79937114
30/08/2019 9:38,BTCUSD,9540.39,9547.93,9540.39,9547.93,0.01406888
30/08/2019 9:39,BTCUSD,9547.93,9547.93,9547.93,9547.93,0
30/08/2019 9:40,BTCUSD,9547.93,9554.88,9547.93,9554.88,1.00E-05
30/08/2019 9:41,BTCUSD,9554.88,9557.31,9554.88,9557.31,0.117250409
30/08/2019 9:42,BTCUSD,9557.31,9557.31,9557.31,9557.31,0
30/08/2019 9:43,BTCUSD,9557.31,9557.31,9556.74,9556.74,1
30/08/2019 9:44,BTCUSD,9556.74,9578.14,9556.74,9573.67,3.749432799
30/08/2019 9:45,BTCUSD,9573.67,9573.67,9573.67,9573.67,0
30/08/2019 9:46,BTCUSD,9573.67,9573.67,9573.67,9573.67,0
30/08/2019 9:47,BTCUSD,9573.67,9577.57,9571.03,9577.57,1.84891
30/08/2019 9:48,BTCUSD,9577.57,9577.57,9576.12,9576.12,0.12660818
30/08/2019 9:49,BTCUSD,9576.12,9576.12,9576.12,9576.12,0.05117158
30/08/2019 9:50,BTCUSD,9576.12,9576.12,9570.71,9570.71,0.00011339
30/08/2019 9:51,BTCUSD,9570.71,9570.71,9570.71,9570.71,0
30/08/2019 9:52,BTCUSD,9570.71,9570.71,9561.07,9561.07,0.00697391
30/08/2019 9:53,BTCUSD,9561.07,9561.07,9561.07,9561.07,0
30/08/2019 9:54,BTCUSD,9561.07,9570.72,9561.07,9570.72,0.00052076
30/08/2019 9:55,BTCUSD,9570.72,9570.72,9568.98,9568.98,0.062457036
30/08/2019 9:56,BTCUSD,9568.98,9568.98,9564.83,9564.83,0.00955699
30/08/2019 9:57,BTCUSD,9564.83,9567.94,9562.96,9562.96,0.01311622
30/08/2019 9:58,BTCUSD,9562.96,9562.96,9562.96,9562.96,0
30/08/2019 9:59,BTCUSD,9562.96,9573.96,9562.96,9573.96,0.50803785
30/08/2019 10:00,BTCUSD,9573.96,9577.6,9573.96,9577.6,1.00E-05
30/08/2019 10:01,BTCUSD,9577.6,9596.57,9577.6,9596.57,5.68975165
30/08/2019 10:02,BTCUSD,9596.57,9596.57,9584.8,9584.8,0.038
30/08/2019 10:03,BTCUSD,9584.8,9584.8,9584.8,9584.8,0
30/08/2019 10:04,BTCUSD,9584.8,9585.58,9581.24,9585.58,0.016083488
30/08/2019 10:05,BTCUSD,9585.58,9585.58,9585.58,9585.58,0
30/08/2019 10:06,BTCUSD,9585.58,9585.59,9585.58,9585.59,0.05202493
30/08/2019 10:07,BTCUSD,9585.59,9609.75,9585.59,9609.75,3.01665042
30/08/2019 10:08,BTCUSD,9609.75,9629.07,9609.75,9616.33,15.70404129
30/08/2019 10:09,BTCUSD,9616.33,9616.33,9596.58,9596.58,2.51121697
30/08/2019 10:10,BTCUSD,9596.58,9596.58,9588.41,9588.41,0.404
30/08/2019 10:11,BTCUSD,9588.41,9588.41,9588.41,9588.41,0
30/08/2019 10:12,BTCUSD,9588.41,9598.55,9588.41,9597.41,0.004305804
30/08/2019 10:13,BTCUSD,9597.41,9600.69,9597.41,9600.69,0.01337134
30/08/2019 10:14,BTCUSD,9600.69,9605.68,9600.69,9605.68,0.00191694
30/08/2019 10:15,BTCUSD,9605.68,9610.62,9604.07,9610.62,0.05600101
30/08/2019 10:16,BTCUSD,9610.62,9610.62,9607.74,9607.83,0.12589737
30/08/2019 10:17,BTCUSD,9607.83,9607.83,9606.84,9606.84,1.00E-05
30/08/2019 10:18,BTCUSD,9606.84,9606.84,9606.84,9606.84,0
30/08/2019 10:19,BTCUSD,9606.84,9606.84,9594.4,9594.4,1.00E-05
30/08/2019 10:20,BTCUSD,9594.4,9594.4,9594.4,9594.4,0
30/08/2019 10:21,BTCUSD,9594.4,9611.84,9594.4,9610.09,2.90307167
30/08/2019 10:22,BTCUSD,9610.09,9610.09,9609.28,9609.85,0.39079975
30/08/2019 10:23,BTCUSD,9609.85,9612.33,9605.8,9605.8,0.06601889
30/08/2019 10:24,BTCUSD,9605.8,9605.8,9598.75,9598.75,0.0510212
30/08/2019 10:25,BTCUSD,9598.75,9602.13,9598.75,9602.13,1.00E-05
30/08/2019 10:26,BTCUSD,9602.13,9602.13,9602.13,9602.13,0
30/08/2019 10:27,BTCUSD,9602.13,9602.13,9600.9,9600.9,0.20417045
30/08/2019 10:28,BTCUSD,9600.9,9600.9,9594.02,9594.02,0.010402931
30/08/2019 10:29,BTCUSD,9594.02,9594.02,9594.02,9594.02,0.13180075
30/08/2019 10:30,BTCUSD,9594.02,9594.02,9581.56,9581.56,1.12461725
30/08/2019 10:31,BTCUSD,9581.56,9581.56,9575.46,9575.46,1.00E-05
30/08/2019 10:32,BTCUSD,9575.46,9575.46,9569.49,9569.49,1.00E-05
30/08/2019 10:33,BTCUSD,9569.49,9569.49,9569.49,9569.49,0
30/08/2019 10:34,BTCUSD,9569.49,9569.49,9568.92,9568.92,0.20899755
30/08/2019 10:35,BTCUSD,9568.92,9574.6,9568.92,9574.6,0.00343
30/08/2019 10:36,BTCUSD,9574.6,9574.6,9568.88,9568.88,1.00E-05
30/08/2019 10:37,BTCUSD,9568.88,9568.88,9561.95,9561.95,0.052113306
30/08/2019 10:38,BTCUSD,9561.95,9566.4,9561.95,9566.4,0.00499456
30/08/2019 10:39,BTCUSD,9566.4,9566.4,9562.71,9562.71,0.39993388
30/08/2019 10:40,BTCUSD,9562.71,9562.78,9562.71,9562.78,0.00193599
30/08/2019 10:41,BTCUSD,9562.78,9562.78,9562.78,9562.78,0
30/08/2019 10:42,BTCUSD,9562.78,9562.78,9562.78,9562.78,1.00E-05
30/08/2019 10:43,BTCUSD,9562.78,9600.78,9562.78,9562.78,2.00E-05
30/08/2019 10:44,BTCUSD,9562.78,9567.77,9562.78,9567.77,0.02049105
30/08/2019 10:45,BTCUSD,9567.77,9567.77,9567.77,9567.77,0
30/08/2019 10:46,BTCUSD,9567.77,9579.02,9567.77,9579.02,0.00245211
30/08/2019 10:47,BTCUSD,9579.02,9579.02,9578.36,9578.36,0.05223007
30/08/2019 10:48,BTCUSD,9578.36,9578.38,9578.36,9578.38,1.00E-05
30/08/2019 10:49,BTCUSD,9578.38,9578.38,9567.38,9567.38,0.29777895
30/08/2019 10:50,BTCUSD,9567.38,9569.38,9567.38,9569.11,0.06679277
30/08/2019 10:51,BTCUSD,9569.11,9573.2,9569.11,9573.2,0.00639718
30/08/2019 10:52,BTCUSD,9573.2,9573.2,9567.36,9567.36,0.44439057
30/08/2019 10:53,BTCUSD,9567.36,9572.6,9567.36,9572.6,0.00953362
30/08/2019 10:54,BTCUSD,9572.6,9572.6,9572.6,9572.6,0
30/08/2019 10:55,BTCUSD,9572.6,9583.31,9572.6,9583.31,0.011
30/08/2019 10:56,BTCUSD,9583.31,9583.31,9577.91,9577.91,1.00E-05
30/08/2019 10:57,BTCUSD,9577.91,9577.91,9573,9573,0.00698986
30/08/2019 10:58,BTCUSD,9573,9573,9573,9573,0
30/08/2019 10:59,BTCUSD,9573,9573.74,9573,9573.74,1.00E-05
30/08/2019 11:00,BTCUSD,9573.74,9573.74,9573.74,9573.74,0
30/08/2019 11:01,BTCUSD,9573.74,9573.74,9566.98,9566.98,1.00E-05
30/08/2019 11:02,BTCUSD,9566.98,9566.98,9559.4,9559.4,0.02051118
30/08/2019 11:03,BTCUSD,9559.4,9559.4,9559.4,9559.4,0
30/08/2019 11:04,BTCUSD,9559.4,9559.4,9556.28,9556.92,0.00455833
30/08/2019 11:05,BTCUSD,9556.92,9561.16,9556.92,9559.49,0.01321886
30/08/2019 11:06,BTCUSD,9559.49,9559.5,9559.49,9559.5,0.033335911
30/08/2019 11:07,BTCUSD,9559.5,9559.5,9559.5,9559.5,0
30/08/2019 11:08,BTCUSD,9559.5,9563.3,9559.5,9563.3,0.00411358
30/08/2019 11:09,BTCUSD,9563.3,9563.3,9563.3,9563.3,0.00418121
30/08/2019 11:10,BTCUSD,9563.3,9563.3,9563.3,9563.3,0.1041196
30/08/2019 11:11,BTCUSD,9563.3,9563.3,9559.51,9559.51,0.1697397
30/08/2019 11:12,BTCUSD,9559.51,9559.51,9543.4,9543.4,0.78090569
30/08/2019 11:13,BTCUSD,9543.4,9552.88,9542.23,9546.98,1.23846197
30/08/2019 11:14,BTCUSD,9546.98,9546.98,9546.07,9546.07,0.075364093
30/08/2019 11:15,BTCUSD,9546.07,9551.35,9546.07,9551.35,0.01010613
30/08/2019 11:16,BTCUSD,9551.35,9553.34,9549.02,9549.02,0.01260182
30/08/2019 11:17,BTCUSD,9549.02,9549.02,9549.02,9549.02,0
30/08/2019 11:18,BTCUSD,9549.02,9553.34,9549.02,9553.34,0.15116418
30/08/2019 11:19,BTCUSD,9553.34,9556.32,9553.34,9556.32,1.00E-05
30/08/2019 11:20,BTCUSD,9556.32,9556.32,9556.32,9556.32,0.057129509
30/08/2019 11:21,BTCUSD,9556.32,9556.4,9556.32,9556.4,1.00E-05
30/08/2019 11:22,BTCUSD,9556.4,9556.4,9556.4,9556.4,0
30/08/2019 11:23,BTCUSD,9556.4,9560.35,9556.4,9560.18,8.40615725
30/08/2019 11:24,BTCUSD,9560.18,9560.18,9560.18,9560.18,1.00E-05
30/08/2019 11:25,BTCUSD,9560.18,9560.2,9560.18,9560.19,0.23478542
30/08/2019 11:26,BTCUSD,9560.19,9560.19,9560.18,9560.18,0.10264383
30/08/2019 11:27,BTCUSD,9560.18,9560.18,9552.39,9552.39,4.64694494
30/08/2019 11:28,BTCUSD,9552.39,9560.2,9552.39,9560.2,2.48269942
30/08/2019 11:29,BTCUSD,9560.2,9560.2,9560.2,9560.2,0
30/08/2019 11:30,BTCUSD,9560.2,9570.64,9560.2,9570.64,0.01310767
30/08/2019 11:31,BTCUSD,9570.64,9570.64,9570.64,9570.64,0.10242721
30/08/2019 11:32,BTCUSD,9570.64,9570.64,9570.64,9570.64,0
30/08/2019 11:33,BTCUSD,9570.64,9573.96,9570.64,9573.96,0.05118402
30/08/2019 11:34,BTCUSD,9573.96,9573.98,9573.96,9573.98,0.10254543
30/08/2019 11:35,BTCUSD,9573.98,9579.11,9573.98,9578.38,0.59595078
30/08/2019 11:36,BTCUSD,9578.38,9581.12,9578.37,9581.12,0.03272762
30/08/2019 11:37,BTCUSD,9581.12,9581.32,9581.12,9581.32,1.00E-05
30/08/2019 11:38,BTCUSD,9581.32,9582.52,9581.31,9582.52,0.05717154
30/08/2019 11:39,BTCUSD,9582.52,9582.52,9581.32,9581.32,0.00024197
30/08/2019 11:40,BTCUSD,9581.32,9581.34,9581.32,9581.34,0.01454833
30/08/2019 11:41,BTCUSD,9581.34,9581.34,9581.32,9581.32,0.02567859
30/08/2019 11:42,BTCUSD,9581.32,9586.74,9580.86,9580.86,0.13159899
30/08/2019 11:43,BTCUSD,9580.86,9583.42,9580.86,9581.51,0.09126528
30/08/2019 11:44,BTCUSD,9581.51,9581.51,9581.51,9581.51,0
30/08/2019 11:45,BTCUSD,9581.51,9593.68,9581.51,9593.68,0.05094927
30/08/2019 11:46,BTCUSD,9593.68,9593.68,9592.82,9592.82,1.00E-05
30/08/2019 11:47,BTCUSD,9592.82,9592.9,9590,9590,2.394159361
30/08/2019 11:48,BTCUSD,9590,9590,9588.95,9588.95,0.24108006
30/08/2019 11:49,BTCUSD,9588.95,9588.95,9584.06,9584.06,0.01527128
30/08/2019 11:50,BTCUSD,9584.06,9584.06,9580.49,9580.49,0.00532716
30/08/2019 11:51,BTCUSD,9580.49,9580.49,9580.49,9580.49,0
30/08/2019 11:52,BTCUSD,9580.49,9581.16,9580.49,9581.16,0.01937
30/08/2019 11:53,BTCUSD,9581.16,9581.16,9581.16,9581.16,0
30/08/2019 11:54,BTCUSD,9581.16,9584.95,9581.16,9584.84,0.25767547
30/08/2019 11:55,BTCUSD,9584.84,9584.95,9584.84,9584.95,0.03015911
30/08/2019 11:56,BTCUSD,9584.95,9584.95,9582.37,9582.37,0.06136859
30/08/2019 11:57,BTCUSD,9582.37,9582.37,9569.9,9569.9,0.11867
30/08/2019 11:58,BTCUSD,9569.9,9500.9,9569.9,9569.9,0
30/08/2019 11:59,BTCUSD,9569.9,9573.57,9569.9,9573.57,0.00395001
30/08/2019 12:00,BTCUSD,9573.57,9573.57,9573.57,9573.57,0
30/08/2019 12:01,BTCUSD,9573.57,9581.93,9573.57,9581.93,0.94531055
30/08/2019 12:02,BTCUSD,9581.93,9584.93,9581.41,9584.93,0.06825001
30/08/2019 12:03,BTCUSD,9584.93,9584.93,9581.82,9583.21,0.0818351
30/08/2019 12:04,BTCUSD,9583.21,9588.27,9583.21,9588.27,0.02953796
30/08/2019 12:05,BTCUSD,9588.27,9588.27,9583.24,9583.24,0.06403126
30/08/2019 12:06,BTCUSD,9583.24,9583.24,9583.24,9583.24,0
30/08/2019 12:07,BTCUSD,9583.24,9587.57,9583.24,9586.35,0.18016771
30/08/2019 12:08,BTCUSD,9586.35,9586.35,9586.35,9586.35,0
30/08/2019 12:09,BTCUSD,9586.35,9586.35,9585.64,9585.64,0.32723241
30/08/2019 12:10,BTCUSD,9585.64,9587.2,9585.64,9587.2,0.051106
30/08/2019 12:11,BTCUSD,9587.2,9587.2,9587.19,9587.19,0.14991773
30/08/2019 12:12,BTCUSD,9587.19,9587.19,9582.28,9584.15,0.29573484
30/08/2019 12:13,BTCUSD,9584.15,9584.15,9584.15,9584.15,0
30/08/2019 12:14,BTCUSD,9584.15,9585.62,9584.15,9585.62,0.49083463
30/08/2019 12:15,BTCUSD,9585.62,9585.62,9579.35,9579.35,0.21399
30/08/2019 12:16,BTCUSD,9579.35,9579.43,9579.35,9579.43,0.0255903
30/08/2019 12:17,BTCUSD,9579.43,9579.43,9575.01,9575.01,1.00E-05
30/08/2019 12:18,BTCUSD,9575.01,9575.01,9575.01,9575.01,0
30/08/2019 12:19,BTCUSD,9575.01,9575.03,9575.01,9575.03,1.00E-05
30/08/2019 12:20,BTCUSD,9575.03,9575.03,9575.01,9575.01,0.00702607
30/08/2019 12:21,BTCUSD,9575.01,9575.32,9575.01,9575.3,0.230791261
30/08/2019 12:22,BTCUSD,9575.3,9575.32,9575.05,9575.05,0.27591179
30/08/2019 12:23,BTCUSD,9575.05,9577.47,9575.05,9577.47,0.07349226
30/08/2019 12:24,BTCUSD,9577.47,9578.7,9576.9,9576.9,0.06566157
30/08/2019 12:25,BTCUSD,9576.9,9581.25,9576.9,9581.25,0.08186108
30/08/2019 12:26,BTCUSD,9581.25,9581.25,9581.25,9581.25,0
30/08/2019 12:27,BTCUSD,9581.25,9581.25,9581.23,9581.23,0.04084111
30/08/2019 12:28,BTCUSD,9581.23,9585.86,9581.23,9585.86,0.05304535
30/08/2019 12:29,BTCUSD,9585.86,9585.86,9581.94,9581.94,0.01267057
30/08/2019 12:30,BTCUSD,9581.94,9581.94,9581.55,9581.55,0.97454868
30/08/2019 12:31,BTCUSD,9581.55,9581.61,9581.55,9581.61,0.00750119
30/08/2019 12:32,BTCUSD,9581.61,9581.61,9575.01,9575.01,1.39919828
30/08/2019 12:33,BTCUSD,9575.01,9575.3,9575.01,9575.3,4.77832841
30/08/2019 12:34,BTCUSD,9575.3,9575.3,9575.05,9575.05,0.29001
30/08/2019 12:35,BTCUSD,9575.05,9575.05,9575,9575,0.05828676
30/08/2019 12:36,BTCUSD,9575,9575,9563.61,9566.71,0.0349412
30/08/2019 12:37,BTCUSD,9566.71,9566.71,9564.96,9564.96,0.03323928
30/08/2019 12:38,BTCUSD,9564.96,9572.87,9564.96,9572.87,0.07167498
30/08/2019 12:39,BTCUSD,9572.87,9572.87,9566.57,9566.63,0.69283882
30/08/2019 12:40,BTCUSD,9566.63,9566.66,9556.77,9556.77,0.47645273
30/08/2019 12:41,BTCUSD,9556.77,9562.98,9556.77,9560.57,0.0058099
30/08/2019 12:42,BTCUSD,9560.57,9560.57,9558.34,9558.4,0.24145497
30/08/2019 12:43,BTCUSD,9558.4,9565.14,9558.4,9565.14,0.00749092
30/08/2019 12:44,BTCUSD,9565.14,9565.14,9563.04,9563.04,0.04766268
30/08/2019 12:45,BTCUSD,9563.04,9564.95,9563.04,9564.95,0.010418373
30/08/2019 12:46,BTCUSD,9564.95,9567.5,9563.11,9567.5,0.06130817
30/08/2019 12:47,BTCUSD,9567.5,9567.5,9566.32,9566.32,0.06076678
30/08/2019 12:48,BTCUSD,9566.32,9566.99,9564.08,9564.08,0.05312432
30/08/2019 12:49,BTCUSD,9564.08,9566.24,9564.08,9566.24,0.31979108
30/08/2019 12:50,BTCUSD,9566.24,9568.3,9566.23,9568.3,0.01537496
30/08/2019 12:51,BTCUSD,9568.3,9572.73,9568.3,9572.73,0.00499033
30/08/2019 12:52,BTCUSD,9572.73,9600.48,9572.73,9600.48,0.01016421
30/08/2019 12:53,BTCUSD,9600.48,9600.48,9594.78,9594.78,0.21
30/08/2019 12:54,BTCUSD,9594.78,9601.88,9594.78,9601.28,0.988925229
30/08/2019 12:55,BTCUSD,9601.28,9601.28,9600.51,9600.51,0.04012366
30/08/2019 12:56,BTCUSD,9600.51,9600.51,9596.46,9596.46,1.00E-05
30/08/2019 12:57,BTCUSD,9596.46,9596.46,9590.85,9590.85,0.001049024
30/08/2019 12:58,BTCUSD,9590.85,9591.17,9590.18,9590.18,0.37592906
30/08/2019 12:59,BTCUSD,9590.18,9590.18,9585.97,9587.23,0.00942421
30/08/2019 13:00,BTCUSD,9587.23,9587.23,9584.54,9584.54,0.00996693
30/08/2019 13:01,BTCUSD,9584.54,9586.33,9584.54,9586.33,0.20454755
30/08/2019 13:02,BTCUSD,9586.33,9586.33,9586.11,9586.11,0.11556472
30/08/2019 13:03,BTCUSD,9586.11,9587.23,9586.11,9587.23,2.17589459
30/08/2019 13:04,BTCUSD,9587.23,9587.23,9585.74,9586.22,0.00508659
30/08/2019 13:05,BTCUSD,9586.22,9587.23,9586.22,9587.22,0.21054553
30/08/2019 13:06,BTCUSD,9587.22,9588.19,9587.22,9588.19,0.02267116
30/08/2019 13:07,BTCUSD,9588.19,9589.99,9588.19,9589.99,0.09268195
30/08/2019 13:08,BTCUSD,9589.99,9590,9589.99,9590,0.05110531
30/08/2019 13:09,BTCUSD,9590,9590,9589.99,9589.99,0.02521492
30/08/2019 13:10,BTCUSD,9589.99,9600.65,9589.99,9595.53,0.08025446
30/08/2019 13:11,BTCUSD,9595.53,9500.53,9583.9,9583.9,3.359442109
30/08/2019 13:12,BTCUSD,9583.9,9583.9,9580.05,9581.66,0.65679303
30/08/2019 13:13,BTCUSD,9581.66,9581.66,9573.64,9573.65,5.78591856
30/08/2019 13:14,BTCUSD,9573.65,9577.79,9573.5,9576.47,2.24181914
30/08/2019 13:15,BTCUSD,9576.47,9576.47,9573.86,9573.86,0.00498975
30/08/2019 13:16,BTCUSD,9573.86,9579.17,9573.86,9579.17,0.00970301
30/08/2019 13:17,BTCUSD,9579.17,9579.17,9578.79,9578.79,0.01527108
30/08/2019 13:18,BTCUSD,9578.79,9579.36,9578.79,9579.36,0.05115738
30/08/2019 13:19,BTCUSD,9579.36,9583.18,9579.36,9583.18,0.10228322
30/08/2019 13:20,BTCUSD,9583.18,9585,9583.18,9584.99,0.00709607
30/08/2019 13:21,BTCUSD,9584.99,9584.99,9584.97,9584.97,0.091730195
30/08/2019 13:22,BTCUSD,9584.97,9585.94,9584.97,9585.94,0.36972006
30/08/2019 13:23,BTCUSD,9585.94,9585.94,9585.8,9585.92,0.08218239
30/08/2019 13:24,BTCUSD,9585.92,9589.51,9585.17,9585.17,0.09311989
30/08/2019 13:25,BTCUSD,9585.17,9586.83,9585.17,9586.83,0.00321752
30/08/2019 13:26,BTCUSD,9586.83,9588.32,9583.87,9588.32,0.36482836
30/08/2019 13:27,BTCUSD,9588.32,9588.32,9583.36,9586.34,0.21644055
30/08/2019 13:28,BTCUSD,9586.34,9586.34,9583.56,9583.56,0.10749634
30/08/2019 13:29,BTCUSD,9583.56,9583.56,9583.54,9583.54,0.18602572
30/08/2019 13:30,BTCUSD,9583.54,9583.54,9583.47,9583.51,0.136788523
30/08/2019 13:31,BTCUSD,9583.51,9583.51,9583.51,9583.51,1.00E-05
30/08/2019 13:32,BTCUSD,9583.51,9583.51,9580.03,9580.03,2.24342176
30/08/2019 13:33,BTCUSD,9580.03,9582.66,9580,9582.66,0.00693765
30/08/2019 13:34,BTCUSD,9582.66,9582.66,9582.65,9582.65,0.04394016
30/08/2019 13:35,BTCUSD,9582.65,9582.65,9580.14,9580.21,1.622367
30/08/2019 13:36,BTCUSD,9580.21,9580.21,9570.14,9576.87,2.33290055
30/08/2019 13:37,BTCUSD,9576.87,9576.87,9575.84,9575.84,0.00603793
30/08/2019 13:38,BTCUSD,9575.84,9585.05,9575.83,9585.05,0.01542473
30/08/2019 13:39,BTCUSD,9585.05,9585.05,9584.52,9584.52,0.01550561
30/08/2019 13:40,BTCUSD,9584.52,9584.52,9584.52,9584.52,0
30/08/2019 13:41,BTCUSD,9584.52,9584.76,9577.59,9579.94,0.09991207
30/08/2019 13:42,BTCUSD,9579.94,9595.4,9579.94,9595.4,0.25544257
30/08/2019 13:43,BTCUSD,9595.4,9595.42,9595.4,9595.42,0.11194263
30/08/2019 13:44,BTCUSD,9595.42,9595.42,9588.37,9588.37,0.00670149
30/08/2019 13:45,BTCUSD,9588.37,9598.45,9588.37,9598.45,10.50762975
30/08/2019 13:46,BTCUSD,9598.45,9598.45,9592.26,9592.26,0.3055639
30/08/2019 13:47,BTCUSD,9592.26,9596.5,9592.26,9596.5,0.35757322
30/08/2019 13:48,BTCUSD,9596.5,9597.42,9595.08,9597.42,0.01113809
30/08/2019 13:49,BTCUSD,9597.42,9597.42,9597.42,9597.42,0
30/08/2019 13:50,BTCUSD,9597.42,9600,9597.42,9600,0.21543946
30/08/2019 13:51,BTCUSD,9600,9600,9598.4,9600,0.998343338
30/08/2019 13:52,BTCUSD,9600,9600,9599.44,9600,2.153443322
30/08/2019 13:53,BTCUSD,9600,9604.84,9595.06,9600.3,5.34999606
30/08/2019 13:54,BTCUSD,9600.3,9605.51,9600.11,9600.78,0.17842427
30/08/2019 13:55,BTCUSD,9600.78,9608,9600.78,9608,0.31320201
30/08/2019 13:56,BTCUSD,9608,9608,9605.21,9606.7,0.02750843
30/08/2019 13:57,BTCUSD,9606.7,9608,9606.7,9608,0.65912581
30/08/2019 13:58,BTCUSD,9608,9620.65,9608,9614.7,0.573298797
30/08/2019 13:59,BTCUSD,9614.7,9580.7,9604.42,9608.23,0.282518741
30/08/2019 14:00,BTCUSD,9608.23,9608.23,9594.73,9594.73,2.13493955
30/08/2019 14:01,BTCUSD,9594.73,9594.73,9592.28,9592.32,0.5288757
30/08/2019 14:02,BTCUSD,9592.32,9595.19,9592.32,9595.19,0.070855578
30/08/2019 14:03,BTCUSD,9595.19,9595.19,9595.19,9595.19,0
30/08/2019 14:04,BTCUSD,9595.19,9597.86,9595.19,9597.86,0.10421889
30/08/2019 14:05,BTCUSD,9597.86,9601.92,9597.86,9601.92,0.06629862
30/08/2019 14:06,BTCUSD,9601.92,9601.92,9601.92,9601.92,0.03675092
30/08/2019 14:07,BTCUSD,9601.92,9601.92,9601.92,9601.92,0.2982928
30/08/2019 14:08,BTCUSD,9601.92,9601.92,9591.77,9594.47,0.11621436
30/08/2019 14:09,BTCUSD,9594.47,9595,9594.47,9595,0.09264062
30/08/2019 14:10,BTCUSD,9595,9595,9594.99,9595,0.54992178
30/08/2019 14:11,BTCUSD,9595,9595,9594.98,9594.98,0.0032147
30/08/2019 14:12,BTCUSD,9594.98,9594.98,9593.9,9593.91,0.05231243
30/08/2019 14:13,BTCUSD,9593.91,9595,9593.91,9595,0.3288612
30/08/2019 14:14,BTCUSD,9595,9598.41,9595,9598.41,0.0510451
30/08/2019 14:15,BTCUSD,9598.41,9598.85,9597.81,9597.81,0.21335619
30/08/2019 14:16,BTCUSD,9597.81,9599.23,9597.81,9599.23,0.30884167
30/08/2019 14:17,BTCUSD,9599.23,9600.7,9599.23,9600.14,0.01503161
30/08/2019 14:18,BTCUSD,9600.14,9600.14,9600.01,9600.01,0.02946473
30/08/2019 14:19,BTCUSD,9600.01,9600.01,9595.79,9595.79,2.12842604
30/08/2019 14:20,BTCUSD,9595.79,9595.79,9587.98,9587.98,0.474530702
30/08/2019 14:21,BTCUSD,9587.98,9587.98,9581.44,9581.44,3.24351515
30/08/2019 14:22,BTCUSD,9581.44,9581.74,9581.38,9581.48,0.106352
30/08/2019 14:23,BTCUSD,9581.48,9581.48,9577.72,9577.72,0.0782407
30/08/2019 14:24,BTCUSD,9577.72,9577.77,9577.72,9577.77,0.05118051
30/08/2019 14:25,BTCUSD,9577.77,9580.69,9569.27,9574.13,0.04993189
30/08/2019 14:26,BTCUSD,9574.13,9574.13,9566.03,9566.03,0.24479794
30/08/2019 14:27,BTCUSD,9566.03,9568.2,9565.94,9568.2,0.36576464
30/08/2019 14:28,BTCUSD,9568.2,9572.1,9567.87,9568.79,1.05177254
30/08/2019 14:29,BTCUSD,9568.79,9568.79,9567.19,9567.21,0.45076292
30/08/2019 14:30,BTCUSD,9567.21,9569.6,9567.21,9568.15,0.07668421
30/08/2019 14:31,BTCUSD,9568.15,9577.51,9568.15,9577.51,0.17199459
30/08/2019 14:32,BTCUSD,9577.51,9577.51,9576.13,9576.13,0.32219978
30/08/2019 14:33,BTCUSD,9576.13,9576.13,9573.08,9575.79,0.64745369
30/08/2019 14:34,BTCUSD,9575.79,9575.79,9575.44,9575.44,0.15968527
30/08/2019 14:35,BTCUSD,9575.44,9576.02,9575.44,9576.02,0.0100801
30/08/2019 14:36,BTCUSD,9576.02,9578.59,9576.02,9578.59,0.64854819
30/08/2019 14:37,BTCUSD,9578.59,9581.68,9574.48,9580.68,3.14324002
30/08/2019 14:38,BTCUSD,9580.68,9583.23,9580.68,9583.23,0.027712667
30/08/2019 14:39,BTCUSD,9583.23,9583.23,9580.41,9581.41,0.02495128