{
  "backprop" : true,
  "backpropType" : "TruncatedBPTT",
  "cacheMode" : "NONE",
  "confs" : [ {
    "cacheMode" : "NONE",
    "epochCount" : 0,
    "iterationCount" : 0,
    "l1ByParam" : {
      "b" : 0.0,
      "RW" : 0.0,
      "W" : 0.0
    },
    "l2ByParam" : {
      "b" : 0.0,
      "RW" : 1.0E-4,
      "W" : 1.0E-4
    },
    "layer" : {
      "gravesLSTM" : {
        "activationFn" : {
          "TanH" : { }
        },
        "biasInit" : 0.0,
        "biasUpdater" : null,
        "constraints" : null,
        "dist" : null,
        "distRecurrent" : null,
        "forgetGateBiasInit" : 1.0,
        "gateActivationFn" : {
          "HardSigmoid" : { }
        },
        "gradientNormalization" : "None",
        "gradientNormalizationThreshold" : 1.0,
        "idropout" : {
          "@class" : "org.deeplearning4j.nn.conf.dropout.Dropout",
          "p" : 0.5,
          "pschedule" : null
        },
        "iupdater" : {
          "@class" : "org.nd4j.linalg.learning.config.Adam",
          "beta1" : 0.9,
          "beta2" : 0.999,
          "epsilon" : 1.0E-8,
          "learningRate" : 0.001
        },
        "l1" : 0.0,
        "l1Bias" : 0.0,
        "l2" : 1.0E-4,
        "l2Bias" : 0.0,
        "layerName" : "layer0",
        "nin" : 5,
        "nout" : 256,
        "weightInit" : "XAVIER",
        "weightInitRecurrent" : null,
        "weightNoise" : null
      }
    },
    "maxNumLineSearchIterations" : 5,
    "miniBatch" : true,
    "minimize" : true,
    "optimizationAlgo" : "STOCHASTIC_GRADIENT_DESCENT",
    "pretrain" : false,
    "seed" : 123456,
    "stepFunction" : null,
    "variables" : [ "W", "RW", "b" ]
  }, {
    "cacheMode" : "NONE",
    "epochCount" : 0,
    "iterationCount" : 0,
    "l1ByParam" : {
      "b" : 0.0,
      "RW" : 0.0,
      "W" : 0.0
    },
    "l2ByParam" : {
      "b" : 0.0,
      "RW" : 1.0E-4,
      "W" : 1.0E-4
    },
    "layer" : {
      "gravesLSTM" : {
        "activationFn" : {
          "TanH" : { }
        },
        "biasInit" : 0.0,
        "biasUpdater" : null,
        "constraints" : null,
        "dist" : null,
        "distRecurrent" : null,
        "forgetGateBiasInit" : 1.0,
        "gateActivationFn" : {
          "HardSigmoid" : { }
        },
        "gradientNormalization" : "None",
        "gradientNormalizationThreshold" : 1.0,
        "idropout" : {
          "@class" : "org.deeplearning4j.nn.conf.dropout.Dropout",
          "p" : 0.5,
          "pschedule" : null
        },
        "iupdater" : {
          "@class" : "org.nd4j.linalg.learning.config.Adam",
          "beta1" : 0.9,
          "beta2" : 0.999,
          "epsilon" : 1.0E-8,
          "learningRate" : 0.001
        },
        "l1" : 0.0,
        "l1Bias" : 0.0,
        "l2" : 1.0E-4,
        "l2Bias" : 0.0,
        "layerName" : "layer1",
        "nin" : 256,
        "nout" : 256,
        "weightInit" : "XAVIER",
        "weightInitRecurrent" : null,
        "weightNoise" : null
      }
    },
    "maxNumLineSearchIterations" : 5,
    "miniBatch" : true,
    "minimize" : true,
    "optimizationAlgo" : "STOCHASTIC_GRADIENT_DESCENT",
    "pretrain" : false,
    "seed" : 123456,
    "stepFunction" : null,
    "variables" : [ "W", "RW", "b" ]
  }, {
    "cacheMode" : "NONE",
    "epochCount" : 0,
    "iterationCount" : 0,
    "l1ByParam" : {
      "b" : 0.0,
      "RW" : 0.0,
      "W" : 0.0
    },
    "l2ByParam" : {
      "b" : 0.0,
      "RW" : 1.0E-4,
      "W" : 1.0E-4
    },
    "layer" : {
      "LSTM" : {
        "activationFn" : {
          "TanH" : { }
        },
        "biasInit" : 0.0,
        "biasUpdater" : null,
        "constraints" : null,
        "dist" : null,
        "distRecurrent" : null,
        "forgetGateBiasInit" : 1.0,
        "gateActivationFn" : {
          "HardSigmoid" : { }
        },
        "gradientNormalization" : "None",
        "gradientNormalizationThreshold" : 1.0,
        "idropout" : {
          "@class" : "org.deeplearning4j.nn.conf.dropout.Dropout",
          "p" : 0.5,
          "pschedule" : null
        },
        "iupdater" : {
          "@class" : "org.nd4j.linalg.learning.config.Adam",
          "beta1" : 0.9,
          "beta2" : 0.999,
          "epsilon" : 1.0E-8,
          "learningRate" : 0.001
        },
        "l1" : 0.0,
        "l1Bias" : 0.0,
        "l2" : 1.0E-4,
        "l2Bias" : 0.0,
        "layerName" : "layer2",
        "nin" : 256,
        "nout" : 256,
        "weightInit" : "XAVIER",
        "weightInitRecurrent" : null,
        "weightNoise" : null
      }
    },
    "maxNumLineSearchIterations" : 5,
    "miniBatch" : true,
    "minimize" : true,
    "optimizationAlgo" : "STOCHASTIC_GRADIENT_DESCENT",
    "pretrain" : false,
    "seed" : 123456,
    "stepFunction" : null,
    "variables" : [ "W", "RW", "b" ]
  }, {
    "cacheMode" : "NONE",
    "epochCount" : 0,
    "iterationCount" : 0,
    "l1ByParam" : {
      "b" : 0.0,
      "W" : 0.0
    },
    "l2ByParam" : {
      "b" : 0.0,
      "W" : 1.0E-4
    },
    "layer" : {
      "dense" : {
        "activationFn" : {
          "ReLU" : { }
        },
        "biasInit" : 0.0,
        "biasUpdater" : null,
        "constraints" : null,
        "dist" : null,
        "gradientNormalization" : "None",
        "gradientNormalizationThreshold" : 1.0,
        "hasBias" : true,
        "idropout" : null,
        "iupdater" : {
          "@class" : "org.nd4j.linalg.learning.config.Adam",
          "beta1" : 0.9,
          "beta2" : 0.999,
          "epsilon" : 1.0E-8,
          "learningRate" : 0.001
        },
        "l1" : 0.0,
        "l1Bias" : 0.0,
        "l2" : 1.0E-4,
        "l2Bias" : 0.0,
        "layerName" : "layer3",
        "nin" : 256,
        "nout" : 32,
        "weightInit" : "XAVIER",
        "weightNoise" : null
      }
    },
    "maxNumLineSearchIterations" : 5,
    "miniBatch" : true,
    "minimize" : true,
    "optimizationAlgo" : "STOCHASTIC_GRADIENT_DESCENT",
    "pretrain" : false,
    "seed" : 123456,
    "stepFunction" : null,
    "variables" : [ "W", "b" ]
  }, {
    "cacheMode" : "NONE",
    "epochCount" : 0,
    "iterationCount" : 0,
    "l1ByParam" : {
      "b" : 0.0,
      "W" : 0.0
    },
    "l2ByParam" : {
      "b" : 0.0,
      "W" : 1.0E-4
    },
    "layer" : {
      "rnnoutput" : {
        "activationFn" : {
          "Identity" : { }
        },
        "biasInit" : 0.0,
        "biasUpdater" : null,
        "constraints" : null,
        "dist" : null,
        "gradientNormalization" : "None",
        "gradientNormalizationThreshold" : 1.0,
        "hasBias" : true,
        "idropout" : null,
        "iupdater" : {
          "@class" : "org.nd4j.linalg.learning.config.Adam",
          "beta1" : 0.9,
          "beta2" : 0.999,
          "epsilon" : 1.0E-8,
          "learningRate" : 0.001
        },
        "l1" : 0.0,
        "l1Bias" : 0.0,
        "l2" : 1.0E-4,
        "l2Bias" : 0.0,
        "layerName" : "layer4",
        "lossFn" : {
          "MSE" : {
            "configProperties" : false
          }
        },
        "nin" : 32,
        "nout" : 1,
        "weightInit" : "XAVIER",
        "weightNoise" : null
      }
    },
    "maxNumLineSearchIterations" : 5,
    "miniBatch" : true,
    "minimize" : true,
    "optimizationAlgo" : "STOCHASTIC_GRADIENT_DESCENT",
    "pretrain" : false,
    "seed" : 123456,
    "stepFunction" : null,
    "variables" : [ "W", "b" ]
  } ],
  "epochCount" : 0,
  "inferenceWorkspaceMode" : "SEPARATE",
  "inputPreProcessors" : {
    "3" : {
      "rnnToFeedForward" : { }
    },
    "4" : {
      "feedForwardToRnn" : { }
    }
  },
  "iterationCount" : 1000,
  "pretrain" : false,
  "tbpttBackLength" : 22,
  "tbpttFwdLength" : 22,
  "trainingWorkspaceMode" : "SEPARATE"
}