date,symbol,open,close,low,high,volume
09/05/2016,ETHUSD,12,12,9.36,9.98,12885.06
10/05/2016,ETHUSD,9.98,9.98,9.36,9.68,6578.2
11/05/2016,ETHUSD,9.68,10.47,9.68,10.43,30978.11
12/05/2016,ETHUSD,10.43,12,9.92,10.2,22183.39
13/05/2016,ETHUSD,10.2,11.59,10.2,10.69,18923.55
14/05/2016,ETHUSD,10.69,10.98,10.01,10.25,7005.9
15/05/2016,ETHUSD,10.25,10.59,10.06,10.06,14872.14
16/05/2016,ETHUSD,10.06,11.41,10.06,11.37,36755.89
17/05/2016,ETHUSD,11.37,12.49,11.28,12.23,86866.35
18/05/2016,ETHUSD,12.23,14,12.23,13.3,80378.8
19/05/2016,ETHUSD,13.3,14.5,13.3,14.5,85755.39
20/05/2016,ETHUSD,14.5,14.77,13.54,13.9,156604.67
21/05/2016,ETHUSD,13.9,13.98,13.09,13.97,55049.27
22/05/2016,ETHUSD,13.97,14.45,13.75,14.2,40196.46
23/05/2016,ETHUSD,14.2,14.43,13.44,13.55,72864.1
24/05/2016,ETHUSD,13.55,13.79,12.12,12.82,102066.33
25/05/2016,ETHUSD,12.82,12.89,11.83,12.53,147099.56
26/05/2016,ETHUSD,12.53,12.9,12.2,12.6,75672.66
27/05/2016,ETHUSD,12.6,12.61,10.64,11.39,87322.56
28/05/2016,ETHUSD,11.39,12.27,10.41,11.81,125407.35
29/05/2016,ETHUSD,11.81,12.73,11.5,12.53,99868.3
30/05/2016,ETHUSD,12.53,12.79,12.41,12.66,98059.56
31/05/2016,ETHUSD,12.66,14.35,12.52,14.18,212221.49
01/06/2016,ETHUSD,14.18,14.35,13.54,13.95,89027.81
02/06/2016,ETHUSD,13.95,14.13,13.82,13.9,13180.38
03/06/2016,ETHUSD,13.9,16.05,13.5,14.02,157342.19
04/06/2016,ETHUSD,14.02,14.16,13.64,13.86,59977.39
05/06/2016,ETHUSD,13.86,13.92,13.7,13.91,10869.67
06/06/2016,ETHUSD,13.91,14.4,13.83,14.16,51421.8
07/06/2016,ETHUSD,14.16,14.64,13.93,14.5,95411.45
08/06/2016,ETHUSD,14.5,14.73,14.38,14.51,197039.09
09/06/2016,ETHUSD,14.51,14.55,14.36,14.47,26488.64
10/06/2016,ETHUSD,14.47,14.47,13.83,13.97,36973.65
11/06/2016,ETHUSD,13.97,14.16,13.84,14.11,18638.86
12/06/2016,ETHUSD,14.11,15.75,14.11,15.75,330128.78
13/06/2016,ETHUSD,15.75,17.64,15.57,17.64,238127.31
14/06/2016,ETHUSD,17.64,19.07,16.52,18.92,279198.37
15/06/2016,ETHUSD,18.92,19.06,17.51,18.39,145393.21
16/06/2016,ETHUSD,18.39,25.05,18.39,20.95,537830.28
17/06/2016,ETHUSD,20.95,21.44,13.75,15.65,936997.53
18/06/2016,ETHUSD,15.65,15.67,9,11.42,469540.31
19/06/2016,ETHUSD,11.42,15.55,10.53,12.59,176949.45
20/06/2016,ETHUSD,12.59,12.6,10.69,11.85,517723.73
21/06/2016,ETHUSD,11.85,12.97,11.3,12.8,131061.21
22/06/2016,ETHUSD,12.8,15.75,12.7,13.43,519783.26
23/06/2016,ETHUSD,13.43,14.79,12.7,13.76,68517.04
24/06/2016,ETHUSD,13.76,14.35,13.33,14.14,109878.6
25/06/2016,ETHUSD,14.14,14.8,14.14,14.49,14987.16
26/06/2016,ETHUSD,14.49,14.51,13.71,13.82,14920.75
27/06/2016,ETHUSD,13.82,15.72,13.63,15.29,53605.18
28/06/2016,ETHUSD,15.29,15.29,11.57,12.26,218801.66
29/06/2016,ETHUSD,12.26,13,11.75,12.95,97216.67
30/06/2016,ETHUSD,12.95,12.95,12.08,12.5,32498.77
01/07/2016,ETHUSD,12.5,12.5,11.73,12.26,60828.15
02/07/2016,ETHUSD,12.26,12.26,11.97,12.09,21285.08
03/07/2016,ETHUSD,12.09,12.37,11.51,11.89,45899.25
04/07/2016,ETHUSD,11.89,11.89,11.41,11.45,16385
05/07/2016,ETHUSD,11.45,11.99,9.67,10.69,142497.24
06/07/2016,ETHUSD,10.69,11.9,10.51,11,39755.59
07/07/2016,ETHUSD,11,11,9.83,10.1,27389.78
08/07/2016,ETHUSD,10.1,11.88,10.1,11.57,62779.17
09/07/2016,ETHUSD,11.57,11.88,10.87,11.09,22652.73
10/07/2016,ETHUSD,11.09,11.2,10.9,11.13,17337.86
11/07/2016,ETHUSD,11.13,11.13,10.4,10.83,39555.25
12/07/2016,ETHUSD,10.83,11.35,10.49,10.87,21081.36
13/07/2016,ETHUSD,10.87,11.3,10.5,10.76,19276.88
14/07/2016,ETHUSD,10.76,11.71,10.72,11.52,22413.25
15/07/2016,ETHUSD,11.52,12.98,11.51,12.2,47950.33
16/07/2016,ETHUSD,12.2,12.21,10.2,10.2,29817.29
17/07/2016,ETHUSD,10.2,11.8,10.2,11.32,9138.26
18/07/2016,ETHUSD,11.32,11.79,11.15,11.15,15501.09
19/07/2016,ETHUSD,11.15,13.47,11.13,11.97,56733.29
20/07/2016,ETHUSD,11.97,14,11.52,12.65,94625.9
21/07/2016,ETHUSD,12.65,13.1,12.07,13.09,81080.57
22/07/2016,ETHUSD,13.09,14.82,12.8,14.74,160927.98
23/07/2016,ETHUSD,14.74,15.72,14.45,14.45,52900.59
24/07/2016,ETHUSD,14.45,15,12.32,12.34,103887.03
25/07/2016,ETHUSD,12.34,13.75,12.34,13.75,54781.56
26/07/2016,ETHUSD,13.75,14.15,11.96,12.24,202039.14
27/07/2016,ETHUSD,12.24,13.45,12.03,13.34,54634.34
28/07/2016,ETHUSD,13.34,13.34,12.66,13.29,29043.39
29/07/2016,ETHUSD,13.29,13.29,12.72,12.98,8082.89
30/07/2016,ETHUSD,12.98,13.1,12.67,12.75,13205.62
31/07/2016,ETHUSD,12.75,12.75,11.79,11.91,26442.05
01/08/2016,ETHUSD,11.91,11.91,11,11.24,63805.36
02/08/2016,ETHUSD,11.24,11.24,7.6,8.52,148104.14
03/08/2016,ETHUSD,8.52,10.49,8.51,10.44,147057.89
04/08/2016,ETHUSD,10.44,12.49,10.2,11.64,26087.66
05/08/2016,ETHUSD,11.64,11.64,11,11.42,13932.68
06/08/2016,ETHUSD,11.42,11.42,10.65,11.03,9204.72
07/08/2016,ETHUSD,11.03,11.21,10.86,11.01,9386.03
08/08/2016,ETHUSD,11.01,11.5,11.01,11.5,27314.09
09/08/2016,ETHUSD,11.5,12.5,11.16,12.38,59298.45
10/08/2016,ETHUSD,12.38,12.68,11.91,12.35,46532.27
11/08/2016,ETHUSD,12.35,12.46,11.68,11.75,21465.53
12/08/2016,ETHUSD,11.75,12.12,11.75,11.89,27859.11
13/08/2016,ETHUSD,11.89,11.95,11.57,11.73,19202.66
14/08/2016,ETHUSD,11.73,11.76,11.21,11.21,11562.61
15/08/2016,ETHUSD,11.21,11.51,11.02,11.36,31784.56
16/08/2016,ETHUSD,11.36,11.38,11.03,11.34,16204.91
17/08/2016,ETHUSD,11.34,11.34,10.84,10.84,17287.19
18/08/2016,ETHUSD,10.84,11.74,10.8,10.84,19068.6
19/08/2016,ETHUSD,10.84,11,10.8,10.8,9751.47
20/08/2016,ETHUSD,10.8,11.48,10.8,11.05,19670.72
21/08/2016,ETHUSD,11.05,11.28,11.01,11.28,3460.08
22/08/2016,ETHUSD,11.28,11.5,11.15,11.36,18127.43
23/08/2016,ETHUSD,11.36,11.41,11.04,11.07,12762.12
24/08/2016,ETHUSD,11.07,11.35,11.02,11.02,7855.77
25/08/2016,ETHUSD,11.02,11.35,11.02,11.22,8586.19
26/08/2016,ETHUSD,11.22,11.49,11.22,11.32,12723.85
27/08/2016,ETHUSD,11.32,11.44,11.19,11.3,4346.84
28/08/2016,ETHUSD,11.3,11.3,11.02,11.09,3756.63
29/08/2016,ETHUSD,11.09,11.24,10.93,11.08,20272.56
30/08/2016,ETHUSD,11.08,11.3,11.06,11.3,22274.17
31/08/2016,ETHUSD,11.3,13.5,11.2,11.5,73615.09
01/09/2016,ETHUSD,11.5,13.5,11.5,12.43,61270.91
02/09/2016,ETHUSD,12.43,12.43,11.89,12.15,18492.14
03/09/2016,ETHUSD,12.15,12.51,11.61,12,25691.28
04/09/2016,ETHUSD,12,12.09,11.58,11.8,4267.59
05/09/2016,ETHUSD,11.8,12,11.7,11.98,7662.04
06/09/2016,ETHUSD,11.98,12,11.5,11.74,5390.85
07/09/2016,ETHUSD,11.74,11.99,11.57,11.69,10261.27
08/09/2016,ETHUSD,11.69,11.78,11.3,11.48,18898.34
09/09/2016,ETHUSD,11.48,11.74,10.5,11.62,45734.21
10/09/2016,ETHUSD,11.62,12,11.4,11.98,16520.33
11/09/2016,ETHUSD,11.98,12.05,11.73,11.73,9551.98
12/09/2016,ETHUSD,11.73,11.92,11.61,11.88,19332.96
13/09/2016,ETHUSD,11.88,12.16,11.83,11.93,42972.96
14/09/2016,ETHUSD,11.93,12.02,11.91,12,13532.03
15/09/2016,ETHUSD,12,12.02,11.85,12,16920.68
16/09/2016,ETHUSD,12,12.75,11.93,12.5,46791.32
17/09/2016,ETHUSD,12.5,12.8,12.45,12.7,18739.26
18/09/2016,ETHUSD,12.7,12.91,12.2,12.31,37033.8
19/09/2016,ETHUSD,12.31,13.09,12.2,13.05,55819.87
20/09/2016,ETHUSD,13.05,14.45,13.05,14.45,97179.15
21/09/2016,ETHUSD,14.45,14.45,12.97,13.5,41214.3
22/09/2016,ETHUSD,13.5,14.02,12.51,13.1,33033.42
23/09/2016,ETHUSD,13.1,13.59,12.98,13.52,36296.1
24/09/2016,ETHUSD,13.52,13.52,12.84,12.97,14372.64
25/09/2016,ETHUSD,12.97,13.11,12.9,13.03,1078.85
26/09/2016,ETHUSD,13.03,13.16,12.9,12.96,22571.97
27/09/2016,ETHUSD,12.96,13.71,12.96,13.03,38126.86
28/09/2016,ETHUSD,13.03,13.68,13.03,13.22,17739
29/09/2016,ETHUSD,13.22,13.38,13.13,13.25,10740.17
30/09/2016,ETHUSD,13.25,13.44,13.14,13.21,26244.23
01/10/2016,ETHUSD,13.21,13.41,13.13,13.28,8223.21
02/10/2016,ETHUSD,13.28,13.3,13.1,13.3,26955.1
03/10/2016,ETHUSD,13.3,13.51,13.1,13.36,19422.72
04/10/2016,ETHUSD,13.36,13.61,13.25,13.4,34690.1
05/10/2016,ETHUSD,13.4,13.7,13.1,13.1,21776.95
06/10/2016,ETHUSD,13.1,13.42,12.74,12.91,52026.22
07/10/2016,ETHUSD,12.91,13.49,12.36,12.63,62284.31
08/10/2016,ETHUSD,12.63,12.82,12.14,12.33,9105.3
09/10/2016,ETHUSD,12.33,12.7,12.03,12.33,9213.66
10/10/2016,ETHUSD,12.33,12.33,11.65,11.76,9235.65
11/10/2016,ETHUSD,11.76,12.22,11.73,11.73,10599.45
12/10/2016,ETHUSD,11.73,12,11.65,11.82,43691.56
13/10/2016,ETHUSD,11.82,12.19,11.78,12.14,7085.9
14/10/2016,ETHUSD,12.14,12.15,11.87,11.93,3981.26
15/10/2016,ETHUSD,11.93,12.02,11.82,12,20095.81
16/10/2016,ETHUSD,12,12.04,11.95,11.98,4406.35
17/10/2016,ETHUSD,11.98,12,11.82,12,5052.33
18/10/2016,ETHUSD,12,12.96,12,12.51,32212.99
19/10/2016,ETHUSD,12.51,12.96,11.82,11.93,31411.54
20/10/2016,ETHUSD,11.93,12.18,11.81,12.08,29758.11
21/10/2016,ETHUSD,12.08,12.08,12,12,5286.98
22/10/2016,ETHUSD,12,12.08,12,12.04,2556
23/10/2016,ETHUSD,12.04,12.08,12,12.05,5432.48
24/10/2016,ETHUSD,12.05,12.05,11.85,11.98,100271.77
25/10/2016,ETHUSD,11.98,12.2,11.11,11.59,51421.55
26/10/2016,ETHUSD,11.59,11.87,11.35,11.5,7960.5
27/10/2016,ETHUSD,11.5,11.58,11.3,11.43,16594.85
28/10/2016,ETHUSD,11.43,11.43,11.05,11.07,49426.21
29/10/2016,ETHUSD,11.07,11.56,9.88,10.36,60679.93
30/10/2016,ETHUSD,10.36,11.43,10.3,11.35,19976.62
31/10/2016,ETHUSD,11.35,11.56,11.01,11.01,24875.24
01/11/2016,ETHUSD,11.01,11.47,10.41,10.7,38434.49
02/11/2016,ETHUSD,10.7,11.43,10.62,10.87,8981.98
03/11/2016,ETHUSD,10.87,11.19,10.75,10.82,15301.09
04/11/2016,ETHUSD,10.82,11.19,10.81,11.11,4318.98
05/11/2016,ETHUSD,11.11,11.2,11.01,11.07,3922.22
06/11/2016,ETHUSD,11.11,11.15,10.89,10.89,9096.76
07/11/2016,ETHUSD,10.89,11.2,10.89,11,2353.53
08/11/2016,ETHUSD,11,11.19,10.86,10.91,22473.35
09/11/2016,ETHUSD,10.91,10.98,10.45,10.79,37829.05
10/11/2016,ETHUSD,10.79,11.95,10.59,10.6,16607.02
11/11/2016,ETHUSD,10.6,10.73,10.26,10.26,14065.68
12/11/2016,ETHUSD,10.26,10.33,9.75,10,20380.46
13/11/2016,ETHUSD,10,10.22,9.68,10.22,17377.65
14/11/2016,ETHUSD,10.22,10.22,9.86,10.05,5843.46
15/11/2016,ETHUSD,10.05,10.4,9.9,10.4,9172.2
16/11/2016,ETHUSD,10.4,10.4,9.94,9.96,38333.43
17/11/2016,ETHUSD,9.96,10.36,9.93,9.98,7784.43
18/11/2016,ETHUSD,9.98,10,9.5,9.52,38682.18
19/11/2016,ETHUSD,9.52,9.92,9.51,9.83,6217.66
20/11/2016,ETHUSD,9.83,9.86,9.5,9.5,4942.32
21/11/2016,ETHUSD,9.5,9.61,9.5,9.6,4466.07
22/11/2016,ETHUSD,9.6,10.19,9.55,9.87,23226.32
23/11/2016,ETHUSD,9.87,9.97,9.78,9.79,8634.06
24/11/2016,ETHUSD,9.79,9.91,9.01,9.4,44070.5
25/11/2016,ETHUSD,9.4,9.69,9.2,9.51,23538.72
26/11/2016,ETHUSD,9.51,9.57,9.31,9.5,1978.11
27/11/2016,ETHUSD,9.5,9.87,8.9,8.91,19376.75
28/11/2016,ETHUSD,8.91,9.41,8.77,8.77,9387.08
29/11/2016,ETHUSD,8.77,9.02,8,8.37,22794.22
30/11/2016,ETHUSD,8.37,9.14,8.22,8.64,11187.8
01/12/2016,ETHUSD,8.64,8.64,8.25,8.39,20164.49
02/12/2016,ETHUSD,8.39,8.46,7.24,7.45,106238.92
03/12/2016,ETHUSD,7.45,8.25,7.45,8.1,75884.89
04/12/2016,ETHUSD,8.1,8.16,7.52,7.55,6053.44
05/12/2016,ETHUSD,7.55,7.62,6.75,6.77,26978.25
06/12/2016,ETHUSD,6.77,8.15,5.99,7.8,63740.62
07/12/2016,ETHUSD,7.8,8.56,7.41,8.56,28505.95
08/12/2016,ETHUSD,8.56,8.75,8.25,8.3,9360.15
09/12/2016,ETHUSD,8.3,8.67,8.02,8.64,10380.89
10/12/2016,ETHUSD,8.64,8.65,8.15,8.31,2752.64
11/12/2016,ETHUSD,8.31,8.56,8.1,8.46,305.23
12/12/2016,ETHUSD,8.46,8.6,8.3,8.45,3433.63
13/12/2016,ETHUSD,8.45,8.71,8.33,8.47,8492.25
14/12/2016,ETHUSD,8.47,8.47,8.31,8.46,11591.76
15/12/2016,ETHUSD,8.46,8.46,7.75,7.75,14220.94
16/12/2016,ETHUSD,7.75,7.89,7.51,7.89,6104.72
17/12/2016,ETHUSD,7.89,7.89,7.54,7.65,2481.81
18/12/2016,ETHUSD,7.65,7.98,7.65,7.93,3846.33
19/12/2016,ETHUSD,7.93,7.94,7.72,7.77,2680.63
20/12/2016,ETHUSD,7.77,7.99,7.58,7.58,5573.19
21/12/2016,ETHUSD,7.58,7.99,7.58,7.95,13850.14
22/12/2016,ETHUSD,7.95,7.97,7.52,7.81,60711.17
23/12/2016,ETHUSD,7.81,7.81,7.17,7.25,11772.61
24/12/2016,ETHUSD,7.25,7.41,7.19,7.29,5385.89
25/12/2016,ETHUSD,7.29,7.29,7.2,7.22,3791.4
26/12/2016,ETHUSD,7.22,7.29,7.17,7.29,3705.62
27/12/2016,ETHUSD,7.29,7.49,7.12,7.23,4182.95
28/12/2016,ETHUSD,7.23,8.54,7.13,8.03,47650.62
29/12/2016,ETHUSD,8.03,8.54,7.66,8.38,11942.16
30/12/2016,ETHUSD,8.38,8.54,8.1,8.54,7640.21
31/12/2016,ETHUSD,8.54,8.54,8.08,8.1,7838.95
01/01/2017,ETHUSD,8.1,8.54,8.1,8.24,8964.62
02/01/2017,ETHUSD,8.24,8.55,8.15,8.55,19316.7
03/01/2017,ETHUSD,8.55,9.98,8.3,9.76,71537.37
04/01/2017,ETHUSD,9.76,11.15,9.73,11,103742.17
05/01/2017,ETHUSD,11,11.94,9.2,10.59,100221.25
06/01/2017,ETHUSD,10.59,10.59,9.53,10.19,27219.77
07/01/2017,ETHUSD,10.19,10.32,9.41,10.07,44953.43
08/01/2017,ETHUSD,10.07,10.42,9.71,10.42,70510.71
09/01/2017,ETHUSD,10.42,10.93,10.02,10.24,33737.65
10/01/2017,ETHUSD,10.24,10.74,10.24,10.68,66110.04
11/01/2017,ETHUSD,10.68,10.74,9.5,9.87,84613.14
12/01/2017,ETHUSD,9.87,10.47,9.4,9.76,113401.47
13/01/2017,ETHUSD,9.76,10.25,9.56,10.24,34623.93
14/01/2017,ETHUSD,10.24,10.24,9.69,9.88,19560.78
15/01/2017,ETHUSD,9.88,10.01,9.79,9.81,5237.91
16/01/2017,ETHUSD,9.81,10.01,9.6,9.6,29707.23
17/01/2017,ETHUSD,9.6,10.44,9.6,10.15,72471.52
18/01/2017,ETHUSD,10.15,10.44,10,10.25,12282.19
19/01/2017,ETHUSD,10.25,10.73,10.19,10.45,36474.22
20/01/2017,ETHUSD,10.45,10.72,10.45,10.72,29545.69
21/01/2017,ETHUSD,10.72,10.93,10.64,10.86,28412.64
22/01/2017,ETHUSD,10.86,10.92,10.64,10.76,30882.33
23/01/2017,ETHUSD,10.76,10.77,10.71,10.77,14184.53
24/01/2017,ETHUSD,10.77,10.77,10.57,10.57,21535.92
25/01/2017,ETHUSD,10.57,10.71,10.48,10.66,38444.88
26/01/2017,ETHUSD,10.66,10.71,10.51,10.71,14451.33
27/01/2017,ETHUSD,10.71,10.76,10.51,10.68,58030.17
28/01/2017,ETHUSD,10.68,10.7,10.58,10.58,2298.24
29/01/2017,ETHUSD,10.58,10.64,10.51,10.51,7284.26
30/01/2017,ETHUSD,10.51,10.9,10.51,10.73,335625.22
31/01/2017,ETHUSD,10.73,10.93,10.61,10.76,367332.22
01/02/2017,ETHUSD,10.76,10.95,10.57,10.73,844664.36
02/02/2017,ETHUSD,10.73,10.99,10.58,10.78,1252114.29
03/02/2017,ETHUSD,10.78,10.99,10.5,10.98,1229031.76
04/02/2017,ETHUSD,10.98,11.41,10.98,11.3,69555.94
05/02/2017,ETHUSD,11.3,11.39,11.04,11.23,15418.66
06/02/2017,ETHUSD,11.23,11.32,11.22,11.32,16704.42
07/02/2017,ETHUSD,11.32,11.51,11.24,11.51,24963.02
08/02/2017,ETHUSD,11.51,11.74,11.25,11.47,28968.82
09/02/2017,ETHUSD,11.47,11.61,10.51,11.06,94564.31
10/02/2017,ETHUSD,11.06,11.44,10.87,11.31,75345.73
11/02/2017,ETHUSD,11.31,11.39,11.28,11.39,31376.45
12/02/2017,ETHUSD,11.39,11.41,11.36,11.36,41457.8
13/02/2017,ETHUSD,11.36,11.49,11.27,11.31,49567.69
14/02/2017,ETHUSD,11.31,13.41,11.3,12.98,347883.23
15/02/2017,ETHUSD,12.98,13.23,12.73,13.06,208678.65
16/02/2017,ETHUSD,13.06,13.06,12.65,12.96,23524580.33
17/02/2017,ETHUSD,12.96,12.96,12.73,12.74,115323.04
18/02/2017,ETHUSD,12.74,12.91,12.74,12.8,123277.05
19/02/2017,ETHUSD,12.8,13.03,12.78,12.78,166780.06
20/02/2017,ETHUSD,12.78,12.89,12.54,12.54,110216.69
21/02/2017,ETHUSD,12.54,12.84,12.25,12.84,127566.33
22/02/2017,ETHUSD,12.84,12.85,12.69,12.69,29128.69
23/02/2017,ETHUSD,12.69,13.35,12.53,13.14,247260.47
24/02/2017,ETHUSD,13.14,13.32,12.68,13.22,119358.66
25/02/2017,ETHUSD,13.22,13.72,13.13,13.72,108861.76
26/02/2017,ETHUSD,13.72,14.95,13.46,14.95,152058.13
27/02/2017,ETHUSD,14.95,15.98,14.41,15.5,361690.03
28/02/2017,ETHUSD,15.5,16.97,15.27,16.05,6591844.96
01/03/2017,ETHUSD,16.05,17.9,15.8,17.87,4960954.65
02/03/2017,ETHUSD,17.87,19.48,17,19.21,872491.32
03/03/2017,ETHUSD,19.21,20.78,18.01,19.6,2023536.98
04/03/2017,ETHUSD,19.6,20.14,18.63,18.65,179604.34
05/03/2017,ETHUSD,18.65,19.23,18.15,19.2,320058.09
06/03/2017,ETHUSD,19.2,20.51,18.97,19.97,3415575.02
07/03/2017,ETHUSD,19.97,19.97,18.61,18.95,3444742.58
08/03/2017,ETHUSD,18.95,19.37,16.44,16.52,608216.9
09/03/2017,ETHUSD,16.52,18.49,15.11,18,266717.05
10/03/2017,ETHUSD,18,19.78,16.47,19.1,6211148.53
11/03/2017,ETHUSD,19.1,21.53,18.51,21.5,1412310.09
12/03/2017,ETHUSD,21.5,24,21.4,23.6,437684.88
13/03/2017,ETHUSD,23.6,32,23.6,28.76,7185229.69
14/03/2017,ETHUSD,28.76,29.96,27.5,28.99,853678.63
15/03/2017,ETHUSD,28.99,35,28.69,35,1428284.2
16/03/2017,ETHUSD,35,46.5,34.95,45.6,3858129.91
17/03/2017,ETHUSD,45.6,51.99,28.5,44.51,4403610.58
18/03/2017,ETHUSD,44.51,44.71,31,34,2596373.88
19/03/2017,ETHUSD,34,45.99,33.27,42.31,1688948.5
20/03/2017,ETHUSD,42.31,45.9,40,42,1588882.29
21/03/2017,ETHUSD,42,43.94,41.71,42.5,674101.32
22/03/2017,ETHUSD,42.5,43.05,38.38,41.35,1049615.69
23/03/2017,ETHUSD,41.35,44,40.51,43.14,1131267.73
24/03/2017,ETHUSD,43.14,53,42.45,52.81,3002461.5
25/03/2017,ETHUSD,52.81,52.98,47.4,50.32,2807983.92
26/03/2017,ETHUSD,50.32,51.5,48.48,50.39,730753.2
27/03/2017,ETHUSD,50.39,51.54,48,48.81,1274703.51
28/03/2017,ETHUSD,48.81,50.75,48.53,50.27,1063942.97
29/03/2017,ETHUSD,50.27,54.54,50.15,53.32,1258183.91
30/03/2017,ETHUSD,53.32,53.5,51.76,51.99,857485.7
31/03/2017,ETHUSD,51.99,52,46.44,49.07,1976063.19
01/04/2017,ETHUSD,49.07,51.91,48.75,50.92,809603.53
02/04/2017,ETHUSD,50.92,51.15,47.56,48.61,949806.71
03/04/2017,ETHUSD,48.61,48.61,43,44,2137023.54
04/04/2017,ETHUSD,44,45.92,41.42,44.59,1044654.53
05/04/2017,ETHUSD,44.59,47.26,44.36,45.38,599318.7
06/04/2017,ETHUSD,45.38,45.95,41.45,43.48,831181.87
07/04/2017,ETHUSD,43.48,44.48,41.9,42.42,510087.83
08/04/2017,ETHUSD,42.42,45.76,42.42,44.85,334359.72
09/04/2017,ETHUSD,44.85,44.85,43.21,43.87,138817.56
10/04/2017,ETHUSD,43.87,45.65,42.8,43.92,241127.33
11/04/2017,ETHUSD,43.92,44.68,43.73,43.87,170588.45
12/04/2017,ETHUSD,43.87,47.99,43.33,46.54,1167010.32
13/04/2017,ETHUSD,46.54,50.91,46.49,50.23,1037751.38
14/04/2017,ETHUSD,50.23,50.25,46.52,47.5,649265.97
15/04/2017,ETHUSD,47.5,48.98,46.99,48.53,936823.64
16/04/2017,ETHUSD,48.53,49.13,47.57,48.29,504569.25
17/04/2017,ETHUSD,48.29,48.7,47.69,48.23,343918.54
18/04/2017,ETHUSD,48.23,50.4,48,49.98,863914.93
19/04/2017,ETHUSD,49.98,50.43,47.79,47.96,1209906.47
20/04/2017,ETHUSD,47.96,49.8,47.44,49.61,784344.27
21/04/2017,ETHUSD,49.61,49.65,48.13,48.47,378268.57
22/04/2017,ETHUSD,48.47,49.16,48.25,48.63,261624.92
23/04/2017,ETHUSD,48.63,49.22,48.35,48.79,206837.73
24/04/2017,ETHUSD,48.79,50.99,48.79,50.5,540243.16
25/04/2017,ETHUSD,50.5,50.82,49.97,50.42,435968.77
26/04/2017,ETHUSD,50.42,56.02,50.41,53.53,1187554.29
27/04/2017,ETHUSD,53.53,64.05,53.16,63.35,1268864.02
28/04/2017,ETHUSD,63.35,74.1,62.5,72.65,2187869.28
29/04/2017,ETHUSD,72.65,73.98,67.36,70.21,972610.16
30/04/2017,ETHUSD,70.21,79.8,69.5,79.71,1433018.92
01/05/2017,ETHUSD,79.71,84.84,72.12,77.33,10295723.16
02/05/2017,ETHUSD,77.33,80.59,74.51,77.7,8180421.27
03/05/2017,ETHUSD,77.7,81.86,75.18,80,2292382.37
04/05/2017,ETHUSD,80,95.77,79.74,94.99,5839628.09
05/05/2017,ETHUSD,94.99,97.98,88.05,91.64,4526816.34
06/05/2017,ETHUSD,91.64,96.98,90.53,95.84,4597061.09
07/05/2017,ETHUSD,95.84,98.79,88.85,92.67,4945669.13
08/05/2017,ETHUSD,92.67,94.29,85.55,89.66,3415663.22
09/05/2017,ETHUSD,89.66,92.98,74.3,87.59,3114532.3
10/05/2017,ETHUSD,87.59,91.86,86.51,89.15,1063082.82
11/05/2017,ETHUSD,89.15,90.48,84.5,88.27,9147344.84
12/05/2017,ETHUSD,88.27,91.01,83.93,85.38,8768077.71
13/05/2017,ETHUSD,85.38,88.3,81,87.8,1392376.6
14/05/2017,ETHUSD,87.8,88.89,87.5,88.89,549957.69
15/05/2017,ETHUSD,88.89,94.48,85,90.24,17239540.64
16/05/2017,ETHUSD,90.24,92,84,87.91,12939901.92
17/05/2017,ETHUSD,87.91,89.1,81,87,11865111.45
18/05/2017,ETHUSD,87,97,86.49,96.54,2796106.45
19/05/2017,ETHUSD,96.54,129,95.93,124.39,7710506.7
20/05/2017,ETHUSD,124.39,128.5,121.14,123.2,4369591.34
21/05/2017,ETHUSD,123.2,150,122.5,146.77,7160097.63
22/05/2017,ETHUSD,146.77,175,136.33,166.68,24496705.83
23/05/2017,ETHUSD,166.68,173.25,157,170,16191831.24
24/05/2017,ETHUSD,170,200,168.74,192.75,27727052.34
25/05/2017,ETHUSD,192.75,217.88,157.68,180.78,28041969.29
26/05/2017,ETHUSD,180.78,195,143.25,165.14,22968133.94
27/05/2017,ETHUSD,165.14,172,120.1,159.23,16506476.03
28/05/2017,ETHUSD,159.23,182.36,159.23,174,9908781.16
29/05/2017,ETHUSD,174,197.9,167.01,194.99,11272032.25
30/05/2017,ETHUSD,194.99,231.8,186.15,228.71,31344975.08
31/05/2017,ETHUSD,228.71,234,215,228.99,29494154.97
01/06/2017,ETHUSD,228.99,234,205.26,220.07,27620234.29
02/06/2017,ETHUSD,220.07,224.99,213.5,222.78,17816553.75
03/06/2017,ETHUSD,222.78,227,219,224.5,9311220.8
04/06/2017,ETHUSD,224.5,248.99,224.5,245.9,11941813.3
05/06/2017,ETHUSD,245.9,248.98,240,248.37,12272515
06/06/2017,ETHUSD,248.37,268.85,245.98,267.44,21584001.96
07/06/2017,ETHUSD,267.44,267.48,246.12,256.02,12065143.49
08/06/2017,ETHUSD,256.02,261.83,248,261.04,21712884.62
09/06/2017,ETHUSD,261.04,280.37,260.01,280.21,17698441.25
10/06/2017,ETHUSD,280.21,344.01,279.99,331.22,28459166.17
11/06/2017,ETHUSD,331.22,346.99,309,339,19758981.83
12/06/2017,ETHUSD,339,418.5,310,394.9,56835613.91
13/06/2017,ETHUSD,394.9,398.92,356,389.19,34070823.33
14/06/2017,ETHUSD,389.19,393,310,341.52,62527519.96
15/06/2017,ETHUSD,341.52,346.96,250,341.82,77957832.61
16/06/2017,ETHUSD,341.82,357.01,314.28,348,30703438.05
17/06/2017,ETHUSD,348,368.61,335.32,368.61,20946363.37
18/06/2017,ETHUSD,368.61,378.85,337.29,351.01,25302913.8
19/06/2017,ETHUSD,351.01,361.53,347.16,358.76,18928676.45
20/06/2017,ETHUSD,358.76,365,321,350,37789346.4
21/06/2017,ETHUSD,350,352,280,324.29,55589221.4
22/06/2017,ETHUSD,324.29,333.64,307.52,319.68,32292488.51
23/06/2017,ETHUSD,319.68,330.53,319.39,326.75,20181582.02
24/06/2017,ETHUSD,326.75,330.86,300.01,304.8,20088764.28
25/06/2017,ETHUSD,304.8,310,251.49,278.73,33404287.14
26/06/2017,ETHUSD,278.73,299.9,210,253,60950252.99
27/06/2017,ETHUSD,253,288.17,210.02,286.21,42085473.6
28/06/2017,ETHUSD,286.21,324.95,260.49,317.59,54573461.77
29/06/2017,ETHUSD,317.59,322.84,285.23,293.8,46521350.06
30/06/2017,ETHUSD,293.8,304.94,270.77,280.8,42337469.59
01/07/2017,ETHUSD,280.8,283,252.6,261.99,44139914.38
02/07/2017,ETHUSD,261.99,293.65,255.38,283.99,30279694.18
03/07/2017,ETHUSD,283.99,284.82,273.03,277,35296212.2
04/07/2017,ETHUSD,277,282,266,270,38548958.17
05/07/2017,ETHUSD,270,273.89,253.27,266.76,42713099.74
06/07/2017,ETHUSD,266.76,274,260.18,266.17,38209259.23
07/07/2017,ETHUSD,266.17,266.56,235.02,240.4,46026782.86
08/07/2017,ETHUSD,240.4,248,230.4,245.44,39376219.27
09/07/2017,ETHUSD,245.44,253.31,237.02,237.72,24961663.53
10/07/2017,ETHUSD,237.72,240.33,188.14,203.35,49074397.62
11/07/2017,ETHUSD,203.35,215.96,175.5,190.11,56414931.79
12/07/2017,ETHUSD,190.11,225.72,182.01,224.5,51298465.49
13/07/2017,ETHUSD,224.5,226.65,192.25,205.85,39998483.42
14/07/2017,ETHUSD,205.85,207.5,181.2,197.03,35377279.66
15/07/2017,ETHUSD,197.03,198.52,168,168.82,36155854.57
16/07/2017,ETHUSD,168.82,171.86,132,155.38,55178164.18
17/07/2017,ETHUSD,155.38,191.52,153,191.51,42028093.49
18/07/2017,ETHUSD,191.51,262.99,178,226.19,84777351.79
19/07/2017,ETHUSD,226.19,246.8,190,194.99,73273756.36
20/07/2017,ETHUSD,194.99,236.09,194.98,228.88,64595504.83
21/07/2017,ETHUSD,228.88,237.97,208.69,216.81,36304545.81
22/07/2017,ETHUSD,216.81,237.43,215.99,232,32056215.26
23/07/2017,ETHUSD,232,235.93,220.12,229.08,34998413.81
24/07/2017,ETHUSD,229.08,230.61,223.32,225.91,26186250.92
25/07/2017,ETHUSD,225.91,226.56,191,202.71,54616890.57
26/07/2017,ETHUSD,202.71,209,191,202.78,30930681.94
27/07/2017,ETHUSD,202.78,206.88,198.56,202.7,24024613.74
28/07/2017,ETHUSD,202.7,203.98,190,191.24,24513007.16
29/07/2017,ETHUSD,191.24,209.81,176,205.17,36523030.88
30/07/2017,ETHUSD,205.17,210,193,195.64,26438435.05
31/07/2017,ETHUSD,195.64,202.98,190.07,201.79,28327058.58
01/08/2017,ETHUSD,201.79,232,201.53,225.72,44395657.24
02/08/2017,ETHUSD,225.72,228.91,215.31,217.98,18353932.33
03/08/2017,ETHUSD,217.98,228.72,217.98,224.02,18588806.48
04/08/2017,ETHUSD,224.02,227.65,218,219.11,22817370.64
05/08/2017,ETHUSD,219.11,260.03,217.97,253.7,53543456.27
06/08/2017,ETHUSD,253.7,271.87,247.83,264.17,44607870.93
07/08/2017,ETHUSD,264.17,274.88,255.13,269.58,27810016.48
08/08/2017,ETHUSD,269.58,299.99,266.5,296.53,38185216.2
09/08/2017,ETHUSD,296.53,315.49,277.81,295.72,75840226.25
10/08/2017,ETHUSD,295.72,310,289,298.05,34007757.38
11/08/2017,ETHUSD,298.05,309.99,295.3,308.77,26791099.1
12/08/2017,ETHUSD,308.77,320,304,307.22,41373226.63
13/08/2017,ETHUSD,307.22,308.3,287.03,295.45,44066931.43
14/08/2017,ETHUSD,295.45,305,289.02,298.39,38779161.34
15/08/2017,ETHUSD,298.39,299.02,271,286.46,51431090.82
16/08/2017,ETHUSD,286.46,302.07,280.25,301,27444452.27
17/08/2017,ETHUSD,301,310,298,300.95,28075399.02
18/08/2017,ETHUSD,300.95,306.02,285,292.33,26358664.8
19/08/2017,ETHUSD,292.33,298.14,285.1,292.94,34239926.67
20/08/2017,ETHUSD,292.94,297.97,288,297.39,25733842.93
21/08/2017,ETHUSD,297.39,343.96,293.6,321.98,69396403.19
22/08/2017,ETHUSD,321.98,328.02,292.73,314.03,51440081.36
23/08/2017,ETHUSD,314.03,325.64,313.56,317.74,34753058.53
24/08/2017,ETHUSD,317.74,328.7,315.53,324.79,34455767.17
25/08/2017,ETHUSD,324.79,338.2,324,331.33,34026981.93
26/08/2017,ETHUSD,331.33,331.33,331.33,331.33,6657688.63
27/08/2017,ETHUSD,331.33,347.96,331.13,347.8,19941980.12
28/08/2017,ETHUSD,347.8,350,337.5,348.17,38721563.97
29/08/2017,ETHUSD,348.17,374.35,345.28,372.02,59894448.92
30/08/2017,ETHUSD,372.02,390.85,368,384,57096980.42
31/08/2017,ETHUSD,384,390.01,380,388.48,41812351.67
01/09/2017,ETHUSD,388.48,398.07,387.41,392.13,35317972.06
02/09/2017,ETHUSD,392.13,393.21,333,354.39,74673890.63
03/09/2017,ETHUSD,354.39,371.48,339.41,352.18,36747502.35
04/09/2017,ETHUSD,352.18,352.18,280,301.73,64412052.38
05/09/2017,ETHUSD,301.73,304.43,262.88,262.88,3995324.39
06/09/2017,ETHUSD,317.62,341.24,316.64,339.12,34012170.57
07/09/2017,ETHUSD,339.12,340,322.08,335,21747712.41
08/09/2017,ETHUSD,335,335.08,290,307.98,41555210.87
09/09/2017,ETHUSD,307.98,309.95,293.64,302.83,16537936.23
10/09/2017,ETHUSD,302.83,305.35,283.48,299.84,23211045.39
11/09/2017,ETHUSD,299.84,308.49,287.01,298.36,23811758.53
12/09/2017,ETHUSD,298.36,317.31,286,293.8,29448218.83
13/09/2017,ETHUSD,293.8,294.5,256.77,275.49,46619134.65
14/09/2017,ETHUSD,275.49,280.49,222.09,223.41,60435320.97
15/09/2017,ETHUSD,223.41,268.74,200,258.48,68697793.5
16/09/2017,ETHUSD,258.48,270,247.32,255.01,11792384.09
17/09/2017,ETHUSD,255.01,268,241.25,260.02,12346982.33
18/09/2017,ETHUSD,260.02,300.77,260.02,297.8,34145470.73
19/09/2017,ETHUSD,297.8,300.31,276,283.01,25420144.55
20/09/2017,ETHUSD,283.01,293.89,278,282.62,13636734.38
21/09/2017,ETHUSD,282.62,286.56,251.12,258.5,28110086.57
22/09/2017,ETHUSD,258.5,270.98,254.51,263.38,11878388.49
23/09/2017,ETHUSD,263.38,286.27,258.99,285.53,8241597.94
24/09/2017,ETHUSD,285.53,294,274.95,282.94,9111492.81
25/09/2017,ETHUSD,282.94,297.27,282.51,293.84,11011191
26/09/2017,ETHUSD,293.84,295.52,287,288.01,6375480.35
27/09/2017,ETHUSD,288.01,311.72,287.56,309.88,14185245.38
28/09/2017,ETHUSD,309.88,310.11,297.88,302.41,11831886.75
29/09/2017,ETHUSD,302.41,304.15,278,293.24,15958716.04
30/09/2017,ETHUSD,293.24,304.96,293.17,301.27,4484775.63
01/10/2017,ETHUSD,301.27,303,295,302.9,3561786.78
02/10/2017,ETHUSD,302.9,302.9,292.29,296.22,8684383.31
03/10/2017,ETHUSD,296.22,300.95,286.37,291.78,10265995.73
04/10/2017,ETHUSD,291.78,296.03,289,291.48,9918152.34
05/10/2017,ETHUSD,291.48,297.01,286.46,294.28,4831361.92
06/10/2017,ETHUSD,294.28,305.57,293.81,305.57,6179643.16
07/10/2017,ETHUSD,305.57,313,304.51,311.82,3761650.26
08/10/2017,ETHUSD,311.82,314.56,308.53,308.81,5781163.44
09/10/2017,ETHUSD,308.81,309.21,285.39,295.98,15528028.66
10/10/2017,ETHUSD,295.98,304.97,291.21,298.46,5540603.05
11/10/2017,ETHUSD,298.46,303.77,297.5,302.5,7159725.69
12/10/2017,ETHUSD,302.5,307.27,301.01,302.76,12198808.47
13/10/2017,ETHUSD,302.76,346.98,299,336.64,26943789.04
14/10/2017,ETHUSD,336.64,346.51,333.36,337.33,7468162.09
15/10/2017,ETHUSD,337.33,340.73,319.51,336.49,9887248.15
16/10/2017,ETHUSD,336.49,350,330,333.77,12357465.3
17/10/2017,ETHUSD,333.77,334.18,308.78,316.21,20241567.83
18/10/2017,ETHUSD,316.21,316.21,287.99,313.94,20038747.27
19/10/2017,ETHUSD,313.94,317.03,304.19,308,7891022.21
20/10/2017,ETHUSD,308,311.76,302,303.77,8995128.93
21/10/2017,ETHUSD,303.77,303.77,291.22,300.01,7733632.02
22/10/2017,ETHUSD,300.01,306,291.56,294.32,5232313.57
23/10/2017,ETHUSD,294.32,294.54,275.51,286.25,13395689.71
24/10/2017,ETHUSD,286.25,313,280,296.35,15458304.69
25/10/2017,ETHUSD,296.35,304,289,296.45,7009570.06
26/10/2017,ETHUSD,296.45,301.86,293,296.06,4029617.74
27/10/2017,ETHUSD,296.06,299.17,292.91,296.66,2402011.33
28/10/2017,ETHUSD,296.66,297.84,292,294.21,2726054.38
29/10/2017,ETHUSD,294.21,310,294,303.22,6102039.69
30/10/2017,ETHUSD,303.22,309.42,303.05,306.5,3518178.44
31/10/2017,ETHUSD,306.5,309.76,303.49,303.49,4698752.45
01/11/2017,ETHUSD,303.49,304.79,289,290.4,10261009.2
02/11/2017,ETHUSD,290.4,293,277.24,285.31,18900681.47
03/11/2017,ETHUSD,285.31,308,282.72,305.75,9078038.91
04/11/2017,ETHUSD,305.75,305.87,295,302,2771979.04
05/11/2017,ETHUSD,302,302,295,296.04,2342847.81
06/11/2017,ETHUSD,296.04,305.02,290.49,297.54,9401761.27
07/11/2017,ETHUSD,297.54,303.5,288,292.25,13089115.11
08/11/2017,ETHUSD,292.25,319.98,289.27,307.21,25556324
09/11/2017,ETHUSD,307.21,331.23,305.57,320.5,16525230.69
10/11/2017,ETHUSD,320.5,326,290,298.01,16506941.7
11/11/2017,ETHUSD,298.01,321.2,297.51,314,11159033.07
12/11/2017,ETHUSD,314,319,299.5,306.47,19960542.89
13/11/2017,ETHUSD,306.47,318.63,305.36,314.5,11030080.69
14/11/2017,ETHUSD,314.5,337.16,312.71,335.39,20185847.9
15/11/2017,ETHUSD,335.39,340,325,331.68,19552686.64
16/11/2017,ETHUSD,331.68,335,322.31,330.01,11115737.78
17/11/2017,ETHUSD,330.01,334.55,326,331.4,6657688.63
18/11/2017,ETHUSD,331.4,349,326.32,347.37,8608822.96
19/11/2017,ETHUSD,347.37,373.21,344.89,355,11179641.54
20/11/2017,ETHUSD,355,373.1,354.62,368.24,13943801.48
21/11/2017,ETHUSD,368.24,375,350,361,27321186.02
22/11/2017,ETHUSD,361,381.31,360.87,381,12615543
23/11/2017,ETHUSD,381,428.07,375.16,406.68,33593819.15
24/11/2017,ETHUSD,406.68,479.99,400.08,470.52,40935341.32
25/11/2017,ETHUSD,470.52,484.6,456,465.51,25145709.77
26/11/2017,ETHUSD,465.51,471.84,450,469.8,17720597.94
27/11/2017,ETHUSD,469.8,489,460.1,477.26,25110262.65
28/11/2017,ETHUSD,477.26,479,457.9,468.24,24400671.43
29/11/2017,ETHUSD,468.24,515.61,418,435.26,47800030.82
30/11/2017,ETHUSD,435.26,470.13,395,433.84,62610758.96
01/12/2017,ETHUSD,433.84,467.96,413.95,463.5,23391546.08
02/12/2017,ETHUSD,463.5,471,449.29,457.03,19442344.61
03/12/2017,ETHUSD,457.03,481,445.01,464,17304917.66
04/12/2017,ETHUSD,464,471.88,446.09,467.5,14363347.37
05/12/2017,ETHUSD,467.5,469.5,450,459.81,19316869.47
06/12/2017,ETHUSD,459.81,463,415,421.27,40956678.04
07/12/2017,ETHUSD,421.27,436.81,400.01,423.48,39975421.94
08/12/2017,ETHUSD,423.48,463,413.99,453.68,46972965.28
09/12/2017,ETHUSD,453.68,502,450.1,473.35,28726155.13
10/12/2017,ETHUSD,473.35,473.49,429,440.16,36840300.98
11/12/2017,ETHUSD,440.16,519.23,439,515.99,34987466.91
12/12/2017,ETHUSD,515.99,685.09,495,671.51,98642077.7
13/12/2017,ETHUSD,671.51,758,600,703.2,121631515.2
14/12/2017,ETHUSD,703.2,755,661.5,698.18,78835611.64
15/12/2017,ETHUSD,698.18,699,615,688.95,73706603.27
16/12/2017,ETHUSD,688.95,711.48,680,696.26,28886917.27
17/12/2017,ETHUSD,696.26,739.57,692.78,721.52,26348072.22
18/12/2017,ETHUSD,721.52,798.69,685.02,787.1,59766657.67
19/12/2017,ETHUSD,787.1,872,770,820.83,102655728.3
20/12/2017,ETHUSD,820.83,832.32,720,805,100440721.1
21/12/2017,ETHUSD,805,841.45,765.12,797.76,79177426.12
22/12/2017,ETHUSD,797.76,802.69,480,672.46,191739093.3
23/12/2017,ETHUSD,672.46,764.95,660,722.01,46817574.47
24/12/2017,ETHUSD,722.01,728.73,601.32,690.92,60466637.94
25/12/2017,ETHUSD,690.92,755.7,682.77,729.01,38004660.98
26/12/2017,ETHUSD,729.01,764.67,728.05,754.79,35250093.21
27/12/2017,ETHUSD,754.79,765.8,706.14,739.67,40336166.87
28/12/2017,ETHUSD,739.67,743.36,676,720.23,52972789.08
29/12/2017,ETHUSD,720.23,752,708,746.32,38949425.42
30/12/2017,ETHUSD,746.32,749.91,692,697,29839912.27
31/12/2017,ETHUSD,697,744,692.11,736.11,19245730.58
01/01/2018,ETHUSD,736.11,760,719,750.77,26188799.51
02/01/2018,ETHUSD,750.77,877,750.77,859.98,83225070.44
03/01/2018,ETHUSD,859.98,950,847.65,940,103608286.9
04/01/2018,ETHUSD,940,999,905,947.88,103045910.1
05/01/2018,ETHUSD,947.88,1020,931.4,968.33,85879162.36
06/01/2018,ETHUSD,968.33,1007,963.5,1004.9,44709481.67
07/01/2018,ETHUSD,1004.9,1115.12,1000,1115.11,71536926.9
08/01/2018,ETHUSD,1115.11,1231.12,960.42,1135.25,157154766.6
09/01/2018,ETHUSD,1135.25,1303.06,1128,1292.25,114175787
10/01/2018,ETHUSD,1292.25,1387,1205,1251.81,140943708.1
11/01/2018,ETHUSD,1251.81,1335,1100,1139,134721692.5
12/01/2018,ETHUSD,1139,1280,1000,1259.74,93383249.88
13/01/2018,ETHUSD,1259.74,1420.01,1205,1381.85,86176158.55
14/01/2018,ETHUSD,1381.85,1387,1270,1360.53,57579748.15
15/01/2018,ETHUSD,1360.53,1378.5,1261.98,1274.09,52226792.62
16/01/2018,ETHUSD,1274.09,1284.02,865,1069.51,177586208.4
17/01/2018,ETHUSD,1069.51,1127.1,758.59,1026.6,222119304.9
18/01/2018,ETHUSD,1026.6,1104,953.8,1024.11,146679781.4
19/01/2018,ETHUSD,1024.11,1105,997.5,1039.82,83067072.9
20/01/2018,ETHUSD,1039.82,1164,1039.82,1149.68,66144858.03
21/01/2018,ETHUSD,1149.68,1150,1010,1049.92,41547675.22
22/01/2018,ETHUSD,1049.92,1080,915,998,80695890.54
23/01/2018,ETHUSD,998,1022,906.11,986.19,81595827.79
24/01/2018,ETHUSD,986.19,1064.49,956,1060,61061722.94
25/01/2018,ETHUSD,1060,1103,1009.95,1044,63581393.96
26/01/2018,ETHUSD,1044,1075.65,985,1048,57131992.41
27/01/2018,ETHUSD,1048,1122.29,1032.01,1106,44569384.96
28/01/2018,ETHUSD,1106,1228,1091.11,1223.6,57075166.11
29/01/2018,ETHUSD,1223.6,1228.88,1138.66,1165,52167019.28
30/01/2018,ETHUSD,1165,1169.1,1020,1052.95,103735320.6
31/01/2018,ETHUSD,1052.95,1116,1013,1101.69,80961280.99
01/02/2018,ETHUSD,1101.69,1148.66,934.38,1021.9,112293799.2
02/02/2018,ETHUSD,1021.9,1021.9,735,914.12,175951842.7
03/02/2018,ETHUSD,914.12,994.9,844.85,970,48957122.56
04/02/2018,ETHUSD,970,970,779,823.53,58644359.46
05/02/2018,ETHUSD,823.53,855,606,692.32,157546843.7
06/02/2018,ETHUSD,692.32,813.99,564,785.01,149408743.4
07/02/2018,ETHUSD,785.01,862,720.01,750.91,77235842.52
08/02/2018,ETHUSD,750.91,845,750,812.64,42573661.18
09/02/2018,ETHUSD,812.64,882,780.01,879.49,45464260.28
10/02/2018,ETHUSD,879.49,910,817.2,852,44038491.67
11/02/2018,ETHUSD,852,858.63,780.1,812.56,23810217.75
12/02/2018,ETHUSD,812.56,874.97,810.09,866.27,34299595.1
13/02/2018,ETHUSD,866.27,869.08,825,840.58,19767064.93
14/02/2018,ETHUSD,840.58,925,840.01,920.81,35024295.72
15/02/2018,ETHUSD,920.81,949.67,905.49,927.97,31867842.95
16/02/2018,ETHUSD,927.97,946.71,910,937.7,20841139.69
17/02/2018,ETHUSD,937.7,978.53,935,976.98,19932480.81
18/02/2018,ETHUSD,976.98,983,909.98,915.81,22879894.58
19/02/2018,ETHUSD,915.81,955,909,939.6,10414420.81
20/02/2018,ETHUSD,939.6,959,876,885.22,28075693.87
21/02/2018,ETHUSD,885.22,906.03,815.89,840.01,33872667.23
22/02/2018,ETHUSD,840.01,870,788,803.9,34571386.61
23/02/2018,ETHUSD,803.9,881.55,787.71,856.58,25865723.21
24/02/2018,ETHUSD,856.58,876.43,810.18,833.09,18486822.41
25/02/2018,ETHUSD,833.09,849.94,818,840.87,11990530.84
26/02/2018,ETHUSD,840.87,878.25,836.32,866.45,17877672.65
27/02/2018,ETHUSD,866.45,894.9,860,870.5,20948713.8
28/02/2018,ETHUSD,870.5,888,847.59,849.81,14827583.75
01/03/2018,ETHUSD,849.81,879,843.99,868.75,17147944.45
02/03/2018,ETHUSD,868.75,876,847.5,855.3,17966118.48
03/03/2018,ETHUSD,855.3,866.08,850,854.6,5423369.11
04/03/2018,ETHUSD,854.6,867,835.32,862.9,8483515.52
05/03/2018,ETHUSD,862.9,870.15,848,848.03,9405981.92
06/03/2018,ETHUSD,848.03,849.65,802,813.12,18969187.48
07/03/2018,ETHUSD,813.12,824.97,724,749.89,37204198.58
08/03/2018,ETHUSD,749.89,771.43,686.7,696.99,33042229.68
09/03/2018,ETHUSD,696.99,730.38,640,727,38636052.17
10/03/2018,ETHUSD,727,749.49,676.56,682.57,13794125.58
11/03/2018,ETHUSD,682.57,734.93,670.73,720.2,9098913.85
12/03/2018,ETHUSD,720.2,739,676.22,697.28,16033057.06
13/03/2018,ETHUSD,697.28,714,679.89,690.34,16866728.66
14/03/2018,ETHUSD,690.34,704.85,583.01,613.42,34516491.76
15/03/2018,ETHUSD,613.42,623.7,570.29,611.24,33265792.64
16/03/2018,ETHUSD,611.24,625.16,584.55,601.38,22499131.85
17/03/2018,ETHUSD,601.38,604.55,570,570,2642953.59
18/03/2018,ETHUSD,570,570,570,570,33763467.59
19/03/2018,ETHUSD,538.2,558.91,512.5,555.1,49705442.02
20/03/2018,ETHUSD,555.1,568.09,516.48,558.09,36153189.18
21/03/2018,ETHUSD,558.09,593,545,560.21,21343053.84
22/03/2018,ETHUSD,560.21,577.95,516.86,539.49,17424763.7
23/03/2018,ETHUSD,539.49,543,507.08,543,16908100.89
24/03/2018,ETHUSD,543,545,519.18,519.98,5865898.72
25/03/2018,ETHUSD,519.98,535,512.59,522.57,7786866.52
26/03/2018,ETHUSD,522.57,525.8,466,486.22,21202765.43
27/03/2018,ETHUSD,486.22,492.31,447,449.77,24426734.18
28/03/2018,ETHUSD,449.77,465.09,440,445.52,19059294
29/03/2018,ETHUSD,445.52,448.97,380,382.42,42566180.66
30/03/2018,ETHUSD,382.42,411,363,393.81,29882672.19
31/03/2018,ETHUSD,393.81,420.01,389.22,393.84,12335253.96
01/04/2018,ETHUSD,393.84,399.76,358.88,378.55,16266719.32
02/04/2018,ETHUSD,378.55,393.69,373,384.94,12001309.16
03/04/2018,ETHUSD,384.94,418.69,377.71,415.49,16417442.8
04/04/2018,ETHUSD,415.49,417.21,370,378.05,14844916.73
05/04/2018,ETHUSD,378.05,386.99,365.28,380.99,13523579.08
06/04/2018,ETHUSD,380.99,386,363.91,369.08,11102323.93
07/04/2018,ETHUSD,370.2,395,370.19,384.92,4435414.76
08/04/2018,ETHUSD,384.92,404,384.5,400.94,4691225.78
09/04/2018,ETHUSD,400.94,430.61,388,398.88,18772054.89
10/04/2018,ETHUSD,398.88,418.68,391.14,415.01,8052632.73
11/04/2018,ETHUSD,415.01,433.33,410.43,429.98,10430197.48
12/04/2018,ETHUSD,429.98,498.25,400,494.14,45235958.32
13/04/2018,ETHUSD,494.14,529,481.27,495.2,30698752.56
14/04/2018,ETHUSD,495.2,514,486.97,502.21,7790041.18
15/04/2018,ETHUSD,502.21,534,502.21,534,11334675.08
16/04/2018,ETHUSD,534,538,498.98,511.49,13174755.56
17/04/2018,ETHUSD,511.49,520.91,499.72,502.68,14374948.99
18/04/2018,ETHUSD,502.68,526.21,500.95,525.26,13083740.26
19/04/2018,ETHUSD,525.26,568.79,521.07,566.26,16701894.99
20/04/2018,ETHUSD,566.26,624.99,557.24,618.13,28145502.78
21/04/2018,ETHUSD,617.01,624.08,575,605.76,11430005.37
22/04/2018,ETHUSD,605.76,642.9,591.47,621.26,15112240
23/04/2018,ETHUSD,621.26,647.85,618.41,643,19923348.93
24/04/2018,ETHUSD,643,710,642.99,703.72,37593917.05
25/04/2018,ETHUSD,703.72,703.78,595.55,617.5,51637886.09
26/04/2018,ETHUSD,617.5,665,599.38,661.08,24360035.76
27/04/2018,ETHUSD,661.08,685.56,640.04,643.09,19532202.58
28/04/2018,ETHUSD,643.09,692.98,640,682.85,11146420.06
29/04/2018,ETHUSD,682.85,699,666,689.69,9163242.39
30/04/2018,ETHUSD,689.69,693.82,661.18,669.58,16729656.46
01/05/2018,ETHUSD,669.58,674.89,628.24,669.5,22773977.27
02/05/2018,ETHUSD,669.5,689.29,661.8,685.07,18207607.34
03/05/2018,ETHUSD,685.07,784.99,684.82,774.98,37624317.18
04/05/2018,ETHUSD,774.98,802.86,758.63,781.28,25371678.34
05/05/2018,ETHUSD,781.28,824,777.22,815.15,17641042.54
06/05/2018,ETHUSD,815.15,833,749.18,785.76,20039249.47
07/05/2018,ETHUSD,785.76,790.76,691.92,751.28,45370943.77
08/05/2018,ETHUSD,751.28,775,720,747.29,22784041.41
09/05/2018,ETHUSD,747.29,760.64,700,750.82,32007639.78
10/05/2018,ETHUSD,750.82,767,719,722.95,25055661.04
11/05/2018,ETHUSD,722.95,736.23,665.68,677.32,34064069.94
12/05/2018,ETHUSD,684.66,691.41,640,683.5,13384009.38
13/05/2018,ETHUSD,683.5,739.76,670.01,729.3,10815153.26
14/05/2018,ETHUSD,729.3,741.72,685,728.15,35785220.81
15/05/2018,ETHUSD,728.15,738,694.16,706.11,27155849.85
16/05/2018,ETHUSD,706.11,710.53,677.08,706.95,16703752.83
17/05/2018,ETHUSD,706.95,718.76,661.01,668.8,19199179.28
18/05/2018,ETHUSD,668.8,692,657.02,691.14,22318621.95
19/05/2018,ETHUSD,691.14,715.96,670,696.64,13832377.94
20/05/2018,ETHUSD,696.64,722.92,687,713.5,8170040.19
21/05/2018,ETHUSD,713.5,717.81,686.76,696.21,9738367.88
22/05/2018,ETHUSD,696.21,699,636.3,642,22246721.19
23/05/2018,ETHUSD,642,648.69,553.16,573.94,33763467.59
24/05/2018,ETHUSD,573.94,609.77,545,602.08,29135285.49
25/05/2018,ETHUSD,602.08,615.99,569,584.6,19981844.66
26/05/2018,ETHUSD,584.6,606.1,568.58,584.8,8743491.43
27/05/2018,ETHUSD,584.8,591.19,556.82,569.23,6994195.99
28/05/2018,ETHUSD,569.23,574,506.82,511.37,15213092.58
29/05/2018,ETHUSD,511.37,572.73,511,566.72,16611324.93
30/05/2018,ETHUSD,566.72,585,542,557.11,22475165.83
31/05/2018,ETHUSD,557.11,584.99,552.99,577.3,14181804.49
01/06/2018,ETHUSD,577.3,588.61,564.01,578.75,10476090.34
02/06/2018,ETHUSD,578.75,599.95,574,590.62,7907573.69
03/06/2018,ETHUSD,590.62,628,590,618.49,4366113.02
04/06/2018,ETHUSD,618.49,624.84,579.12,590.66,10319798.14
05/06/2018,ETHUSD,590.66,612,575,607.31,16740546.61
06/06/2018,ETHUSD,607.31,611.81,592.84,605.79,9328061.66
07/06/2018,ETHUSD,605.79,615.42,598.18,604.83,12947096.95
08/06/2018,ETHUSD,604.83,607,591.28,602.61,11554990.15
09/06/2018,ETHUSD,602.61,608.92,590,592.69,4772168.9
10/06/2018,ETHUSD,592.69,592.69,503.72,525,15717773.07
11/06/2018,ETHUSD,525,536.01,507.69,531.59,17433645.36
12/06/2018,ETHUSD,531.59,538.21,485,494.57,23683309.03
13/06/2018,ETHUSD,494.57,502.37,450.84,477.4,30458680.42
14/06/2018,ETHUSD,477.4,526.1,460,519.82,26327219.51
15/06/2018,ETHUSD,519.82,520.98,482.84,487.52,29456908.16
16/06/2018,ETHUSD,487.52,502.52,484.17,497.72,5248185.08
17/06/2018,ETHUSD,497.72,507.88,493.76,496.58,3468061.4
18/06/2018,ETHUSD,496.58,524.44,487.32,517.47,7746750.84
19/06/2018,ETHUSD,517.47,547,514.2,539.82,10086508.82
20/06/2018,ETHUSD,539.82,541.3,517.1,536.4,9051537.82
21/06/2018,ETHUSD,536.4,545,521.8,525.33,6529547.69
22/06/2018,ETHUSD,525.33,525.52,450,463.32,26953910
23/06/2018,ETHUSD,463.32,480.33,457.4,474.78,4710987.62
24/06/2018,ETHUSD,474.78,476.15,420.32,455.35,30005082.91
25/06/2018,ETHUSD,455.35,472.75,444.8,457.94,12558191.59
26/06/2018,ETHUSD,457.94,461,429.41,429.41,12493826.41
27/06/2018,ETHUSD,429.41,445.45,418.85,441.64,12120627.11
28/06/2018,ETHUSD,441.64,444,416.87,420.4,7188545.19
29/06/2018,ETHUSD,420.4,442.73,403.19,434.86,18830939.97
30/06/2018,ETHUSD,434.86,461,434.86,453.67,5434884.71
01/07/2018,ETHUSD,453.67,455.92,444.65,452.09,3423183.29
02/07/2018,ETHUSD,452.09,481.9,444.05,476.74,8812247.24
03/07/2018,ETHUSD,476.74,485.67,457.6,461.96,13942003.75
04/07/2018,ETHUSD,461.96,481.6,451.22,467.15,8627336.98
05/07/2018,ETHUSD,467.15,478.07,457.75,467.94,9529836.63
06/07/2018,ETHUSD,467.94,475,450.04,467.48,4911465.9
07/07/2018,ETHUSD,468.3,486.3,461.31,486,3296597.25
08/07/2018,ETHUSD,486,495,481.01,485.87,5584120.07
09/07/2018,ETHUSD,485.87,487.88,468.84,471.04,6480881.09
10/07/2018,ETHUSD,471.04,473.57,427.11,433.12,14444606.25
11/07/2018,ETHUSD,433.12,447.3,425.08,445.58,5723560.4
12/07/2018,ETHUSD,445.58,445.72,418.47,430.98,4817703.52
13/07/2018,ETHUSD,430.98,441.95,425.16,431,4484491.11
14/07/2018,ETHUSD,431,440.57,428.7,433.59,1145631.77
15/07/2018,ETHUSD,433.59,454.27,431.32,448.77,2405814.14
16/07/2018,ETHUSD,448.77,480,444,478.71,6698361.13
17/07/2018,ETHUSD,478.71,511.11,465.53,499.11,16477578.34
18/07/2018,ETHUSD,499.11,515.88,470.1,478.81,12402282.36
19/07/2018,ETHUSD,478.81,483.36,462.06,468.83,9165534.39
20/07/2018,ETHUSD,468.83,469.22,441,450.24,11450385.56
21/07/2018,ETHUSD,450.24,467.97,442.5,461.39,1997386.98
22/07/2018,ETHUSD,461.39,471.22,453.94,457.21,1601494.8
23/07/2018,ETHUSD,457.21,469,446.34,449,5733988.57
24/07/2018,ETHUSD,449,484.56,447.91,480.34,8817034.02
25/07/2018,ETHUSD,480.34,485,463.04,470.8,4059664.89
26/07/2018,ETHUSD,470.8,483.99,458.97,462,5019537.99
27/07/2018,ETHUSD,462,473.49,455.29,468.8,6252338.87
28/07/2018,ETHUSD,468.8,471.42,460.23,467.88,1398379.84
29/07/2018,ETHUSD,467.88,470.91,462,466.04,999789.51
30/07/2018,ETHUSD,466.04,469.02,445,456.1,6985218.31
31/07/2018,ETHUSD,456.1,462.04,421.33,431.63,8777970.94
01/08/2018,ETHUSD,431.63,434.39,407.49,419.1,7771978.46
02/08/2018,ETHUSD,419.1,423.92,407,410.9,11984723.8
03/08/2018,ETHUSD,410.9,419.25,398.08,417.43,5777686.11
04/08/2018,ETHUSD,417.43,420,400.94,406.18,1984765.38
05/08/2018,ETHUSD,406.18,413.16,400,408.82,2222747.93
06/08/2018,ETHUSD,408.82,414,401,404.78,3940600.74
07/08/2018,ETHUSD,404.78,410.2,369,377.7,7386165.71
08/08/2018,ETHUSD,377.7,380.73,347.66,355.4,12077860.65
09/08/2018,ETHUSD,355.4,370.29,351.3,363.25,6467826.6
10/08/2018,ETHUSD,363.25,365.76,325,328.15,9306069.58
11/08/2018,ETHUSD,328.15,328.15,304.49,308.09,7642470.79
12/08/2018,ETHUSD,308.09,308.09,308.09,308.09,6442723.13
13/08/2018,ETHUSD,318.34,322.29,281.18,284.17,16988217.84
14/08/2018,ETHUSD,284.17,284.25,250.33,278.49,24446963.5
15/08/2018,ETHUSD,278.49,304.75,277.01,281.28,13384762.45
16/08/2018,ETHUSD,281.28,299.03,278,287.22,8362569
17/08/2018,ETHUSD,287.22,317.49,285.62,317.18,19709691
18/08/2018,ETHUSD,317.18,321.08,283,294.7,6104914.99
19/08/2018,ETHUSD,294.7,306.85,289.13,299.88,7873857.42
20/08/2018,ETHUSD,299.88,303.82,269.19,270.76,7774642.64
21/08/2018,ETHUSD,270.76,285.68,269.35,280.86,5687234.05
22/08/2018,ETHUSD,280.86,298.67,259.49,270.32,20256072.97
23/08/2018,ETHUSD,270.32,280.75,268.17,275.62,6822707.77
24/08/2018,ETHUSD,275.62,283,270.02,282.08,5999831.2
25/08/2018,ETHUSD,282.08,282.78,276.79,277.74,2252274.88
26/08/2018,ETHUSD,277.74,277.74,269.61,274.39,2293207.41
27/08/2018,ETHUSD,274.39,288.38,271.63,287.82,5841834.95
28/08/2018,ETHUSD,287.82,297.53,282.88,295.24,6143401.65
29/08/2018,ETHUSD,295.24,297,284.3,288.52,4492649.69
30/08/2018,ETHUSD,288.52,290.98,272.51,284.14,5649771.81
31/08/2018,ETHUSD,284.14,284.8,276.65,281.61,3482801.14
01/09/2018,ETHUSD,281.61,302,280.34,295.19,4814210
02/09/2018,ETHUSD,295.19,299.61,289,294.24,2522358.74
03/09/2018,ETHUSD,294.24,296.45,285.24,288.73,3304591.42
04/09/2018,ETHUSD,288.73,291.97,280.56,284.78,9077051.61
05/09/2018,ETHUSD,284.78,287.64,226.43,227.86,13313862.29
06/09/2018,ETHUSD,227.86,235,210,229.25,18712356.76
07/09/2018,ETHUSD,229.25,234.04,210.07,215.3,11166069.92
08/09/2018,ETHUSD,215.3,219.51,186,196.87,10261357.05
09/09/2018,ETHUSD,196.87,208.11,175.7,196.29,14386006.79
10/09/2018,ETHUSD,196.29,202.52,186.65,196.9,7456913.39
11/09/2018,ETHUSD,196.9,198.95,176.01,184.9,9152094.06
12/09/2018,ETHUSD,184.9,184.9,167.49,182.6,13583023.63
13/09/2018,ETHUSD,182.6,214.94,182.6,211.54,10763419.04
14/09/2018,ETHUSD,211.54,224.79,202.65,215.41,10423474.25
15/09/2018,ETHUSD,215.41,226.86,211,222.07,3150137.1
16/09/2018,ETHUSD,222.07,223.58,207.99,220.37,1892881.18
17/09/2018,ETHUSD,220.37,224.88,192.21,196.5,11364136.35
18/09/2018,ETHUSD,196.5,214.38,193.27,208.35,10270720.74
19/09/2018,ETHUSD,208.35,214.5,197.24,209.71,6863521.1
20/09/2018,ETHUSD,209.71,230.78,206.65,224.8,6072153.94
21/09/2018,ETHUSD,224.8,253.46,221.12,248.02,17570704.59
22/09/2018,ETHUSD,248.02,255.22,232.73,240.17,3453488.45
23/09/2018,ETHUSD,240.17,248.99,236.82,244.15,6816523.87
24/09/2018,ETHUSD,244.15,246.36,225.04,228,5284536.87
25/09/2018,ETHUSD,228,228,203.2,219.11,8282223.67
26/09/2018,ETHUSD,219.11,222.49,207.35,213.96,5799432.97
27/09/2018,ETHUSD,213.96,234.11,210,228.71,11129206.73
28/09/2018,ETHUSD,228.71,233.27,213.74,221.48,6358812.94
29/09/2018,ETHUSD,221.48,235.71,213.01,231.57,2157221.02
30/09/2018,ETHUSD,231.57,238.42,225.95,232.21,1630787.59
01/10/2018,ETHUSD,232.21,234.87,224.01,230.24,4267832.52
02/10/2018,ETHUSD,230.24,230.8,221.86,224.81,4778957.54
03/10/2018,ETHUSD,224.81,225.84,214.41,219.2,6290808.37
04/10/2018,ETHUSD,219.2,225,218.26,221,4000720.33
05/10/2018,ETHUSD,221,230.11,218.86,226.13,3288840.16
06/10/2018,ETHUSD,226.13,227.22,221.56,224.44,821322.11
07/10/2018,ETHUSD,224.44,225.91,220.35,224.92,873273.88
08/10/2018,ETHUSD,224.92,230.54,222.65,227.75,4384020.25
09/10/2018,ETHUSD,227.75,229.36,224.96,226.51,4253385.73
10/10/2018,ETHUSD,226.51,230,221.6,224,5539258
11/10/2018,ETHUSD,224,224,185.29,188.39,13354576.39
12/10/2018,ETHUSD,188.39,197.84,186.76,194.12,7593169.53
13/10/2018,ETHUSD,194.12,198.5,193.66,197,1043124.69
14/10/2018,ETHUSD,197,201.1,189.19,191.55,1866147.92
15/10/2018,ETHUSD,191.55,221.57,190,204.26,16762958.3
16/10/2018,ETHUSD,204.26,204.26,203.53,203.53,16762958.3
17/10/2018,ETHUSD,205.64,206.5,201.35,203.27,2165185.45
18/10/2018,ETHUSD,203.27,205.32,196.97,199.15,4852698.03
19/10/2018,ETHUSD,199.15,201.53,197.46,200.69,2632431.79
20/10/2018,ETHUSD,200.69,204.55,200.5,202.69,2556211.47
21/10/2018,ETHUSD,202.69,205.89,201.49,202.05,1045769.98
22/10/2018,ETHUSD,202.05,203.1,199.7,201.02,3428001.63
23/10/2018,ETHUSD,201.02,202.04,197.71,201.14,2189213.26
24/10/2018,ETHUSD,201.14,203.14,200.25,200.71,2774062.53
25/10/2018,ETHUSD,200.71,200.94,195,199.64,4942964.12
26/10/2018,ETHUSD,199.64,204,198.52,200.66,2814459.42
27/10/2018,ETHUSD,200.66,201.58,200.25,201.44,786821.24
28/10/2018,ETHUSD,201.44,203.08,201.02,202.46,1086373.87
29/10/2018,ETHUSD,202.46,202.67,190.52,194.25,4956877.34
30/10/2018,ETHUSD,194.25,196.28,192.56,195.36,2348284.35
31/10/2018,ETHUSD,195.36,198.99,192,196.95,4196826.88
01/11/2018,ETHUSD,196.95,198.24,195.56,197.75,2039661.93
02/11/2018,ETHUSD,197.75,202.21,197.65,199.65,2811694.59
03/11/2018,ETHUSD,199.65,199.94,198.01,198.39,846309.83
04/11/2018,ETHUSD,198.39,217.55,198.01,210.1,3443190.17
05/11/2018,ETHUSD,210.1,211.27,205.63,208.55,3501347.01
06/11/2018,ETHUSD,208.55,218.88,207.09,218.54,6597926.03
07/11/2018,ETHUSD,218.54,222.78,215.27,216.51,4440433.98
08/11/2018,ETHUSD,216.51,217.98,209.76,209.99,5459289.99
09/11/2018,ETHUSD,209.99,212.07,206.45,208.2,1881637.72
10/11/2018,ETHUSD,208.2,212.58,207.85,210.47,519370.45
11/11/2018,ETHUSD,210.47,210.99,206,209.88,1424993.55
12/11/2018,ETHUSD,209.88,211.93,207.1,208.74,1665260.95
13/11/2018,ETHUSD,208.74,208.74,203,203.31,2313295.92
14/11/2018,ETHUSD,203.31,204.85,165,178.26,17043825.67
15/11/2018,ETHUSD,178.26,181.09,165.35,178.64,7067765.57
16/11/2018,ETHUSD,178.64,179.86,169,172.74,7010066.78
17/11/2018,ETHUSD,172.58,174.99,170.58,172.49,1929612.23
18/11/2018,ETHUSD,172.49,179.55,171.76,175.62,2168041.55
19/11/2018,ETHUSD,175.62,175.79,142.38,145.42,14171386.64
20/11/2018,ETHUSD,145.42,149.67,120.38,127.49,25156651.91
21/11/2018,ETHUSD,127.49,137.27,122.5,134.61,12352164.75
22/11/2018,ETHUSD,134.61,136.99,122.5,123.17,4973516.4
23/11/2018,ETHUSD,123.17,125.12,115.2,121.32,8458068.27
24/11/2018,ETHUSD,121.32,125.96,106.61,110.66,5549720.48
25/11/2018,ETHUSD,110.66,118.81,98.2,114.5,12560155.97
26/11/2018,ETHUSD,114.5,116.85,102.73,106.82,9661091.66
27/11/2018,ETHUSD,106.82,111.23,99.26,108.71,7377161.54
28/11/2018,ETHUSD,108.71,126,108.71,121.77,8155122.68
29/11/2018,ETHUSD,121.77,123.03,113.15,116.41,5597345
30/11/2018,ETHUSD,116.41,119.46,109.5,112.05,4484623.11
01/12/2018,ETHUSD,111.97,121.12,110,116.75,2280123.42
02/12/2018,ETHUSD,116.75,119.38,113,114.79,2544995.36
03/12/2018,ETHUSD,114.79,115.1,104.86,107.13,2957350.44
04/12/2018,ETHUSD,107.13,112.05,104.77,108.62,2704242.13
05/12/2018,ETHUSD,108.62,109.12,100.43,100.59,3618586.04
06/12/2018,ETHUSD,100.59,105,89.05,89.05,14984295.41
07/12/2018,ETHUSD,89.05,96.51,81.5,92.57,10987426.24
08/12/2018,ETHUSD,92.57,94.18,84.05,90.08,3504567.85
09/12/2018,ETHUSD,90.08,98.29,88.23,92.47,1584602.51
10/12/2018,ETHUSD,92.47,94.87,87.5,89.36,2517292.81
11/12/2018,ETHUSD,89.36,90.95,85,87.26,2011237.88
12/12/2018,ETHUSD,87.02,91,86.03,89.07,2807223.51
13/12/2018,ETHUSD,89.07,90.23,83.77,84.98,3799171.37
14/12/2018,ETHUSD,84.98,85.92,80.98,83,2864900.45
15/12/2018,ETHUSD,83,84.98,80.83,82.93,1738394.45
16/12/2018,ETHUSD,82.93,86.62,82.93,83.72,1462886.75
17/12/2018,ETHUSD,83.72,97.24,83.65,93.88,5248065.92
18/12/2018,ETHUSD,93.88,101.48,91.5,100.91,3821591.21
19/12/2018,ETHUSD,100.91,109.21,98,99.38,9371362.93
20/12/2018,ETHUSD,99.38,118,98.62,114.8,11319131.7
21/12/2018,ETHUSD,114.8,119.2,105.02,107.7,8676301.27
22/12/2018,ETHUSD,107.7,120,105.72,115.89,2392034.82
23/12/2018,ETHUSD,115.89,133,115.89,129.54,5297541
24/12/2018,ETHUSD,129.54,159.26,129.54,139.02,11970142.85
25/12/2018,ETHUSD,139.02,139.8,122,129,6404675.4
26/12/2018,ETHUSD,129,136.42,123.6,130.31,3236871.32
27/12/2018,ETHUSD,130.31,131.79,112.01,114.37,9378964.73
28/12/2018,ETHUSD,114.37,138.44,113.27,137.26,5573926.18
29/12/2018,ETHUSD,137.26,147,131.74,134.19,3073759.28
30/12/2018,ETHUSD,134.19,139.96,128.84,138.87,2007891.31
31/12/2018,ETHUSD,138.87,138.99,128.24,130.8,4966387.72
01/01/2019,ETHUSD,130.8,140.92,128.72,139.48,3056806.52
02/01/2019,ETHUSD,139.48,156.83,138.78,153.57,7556046.75
03/01/2019,ETHUSD,153.57,154.39,144.48,147.07,3114243.17
04/01/2019,ETHUSD,147.07,155.46,145.11,153.56,5194087.23
05/01/2019,ETHUSD,153.56,160.7,152.02,153.93,3759270.56
06/01/2019,ETHUSD,153.93,159.5,148.3,155.83,7482491.33
07/01/2019,ETHUSD,155.83,157.07,148.45,150.27,4589595.95
08/01/2019,ETHUSD,150.27,153.01,146.52,148.83,3850561
09/01/2019,ETHUSD,148.83,153.12,148.15,149.42,3225311.14
10/01/2019,ETHUSD,149.42,150.84,122.24,126.43,7496323.86
11/01/2019,ETHUSD,126.43,128.82,121.66,125.77,2015668.8
12/01/2019,ETHUSD,125.77,127.31,123.35,124.46,676645.86
13/01/2019,ETHUSD,124.46,125.32,113.4,115.35,2337070.41
14/01/2019,ETHUSD,115.35,131.47,115.35,128.39,5109204.1
15/01/2019,ETHUSD,128.39,130.63,117.03,120,4698503.54
16/01/2019,ETHUSD,120,127.51,119.38,122.01,3728678.73
17/01/2019,ETHUSD,122.01,123.8,117.2,122.43,2555257.68
18/01/2019,ETHUSD,122.43,122.63,118.2,119.51,1305284.48
19/01/2019,ETHUSD,121.03,126.37,119.35,123.6,1708704.8
20/01/2019,ETHUSD,123.6,123.62,115.81,117.4,1453216.27
21/01/2019,ETHUSD,117.4,118.16,113.61,116.01,1094767.74
22/01/2019,ETHUSD,116.01,119.59,111.06,118.03,2373002.9
23/01/2019,ETHUSD,118.03,118.94,115.05,116.45,1725130.62
24/01/2019,ETHUSD,116.45,117.05,113.8,116.3,2262297.32
25/01/2019,ETHUSD,116.3,117.06,114.25,114.98,2204291.96
26/01/2019,ETHUSD,114.98,117.4,110,115.01,766817.04
27/01/2019,ETHUSD,115.01,115.22,110.57,111,3862809.18
28/01/2019,ETHUSD,111,112.1,100.82,105.35,6088646.92
29/01/2019,ETHUSD,105.35,105.91,101,104.01,7141255.71
30/01/2019,ETHUSD,104.01,109.44,103,107.61,2430703.76
31/01/2019,ETHUSD,107.61,110.03,104.74,105.7,2111230.41
01/02/2019,ETHUSD,105.7,107.44,103.01,106.01,1387258.18
02/02/2019,ETHUSD,106.01,110,105.27,109.18,926739.73
03/02/2019,ETHUSD,109.18,109.77,104.7,106.01,667881.7
04/02/2019,ETHUSD,106.01,107.85,105.5,106.09,940946.06
05/02/2019,ETHUSD,106.09,106.66,105.2,106.01,1005705.44
06/02/2019,ETHUSD,106.01,106.4,100,103.44,3102428.94
07/02/2019,ETHUSD,103.44,104.74,102.73,103.13,693569.12
08/02/2019,ETHUSD,103.13,121.93,101,118.27,6968384.48
09/02/2019,ETHUSD,118.27,119.69,116.35,118.07,877637.32
10/02/2019,ETHUSD,118.07,125.02,115,123.88,1809885.25
11/02/2019,ETHUSD,123.88,124.11,118.4,119.49,2314304.48
12/02/2019,ETHUSD,119.49,122.35,117.24,120.91,2259210.86
13/02/2019,ETHUSD,120.91,125.09,119.59,120.66,1963437.66
14/02/2019,ETHUSD,120.66,123.07,118.97,119.28,1627624.23
15/02/2019,ETHUSD,119.28,123.3,119.28,120.26,989711.64
16/02/2019,ETHUSD,120.26,123.57,120.26,121.83,455814.84
17/02/2019,ETHUSD,121.83,136.86,121.34,132.44,8128440.96
18/02/2019,ETHUSD,132.44,147.83,131.29,144.56,4455126.24
19/02/2019,ETHUSD,144.56,149.13,141.95,142.77,3814133.19
20/02/2019,ETHUSD,142.77,148.33,139.29,147.98,4298916.54
21/02/2019,ETHUSD,147.98,148.55,141.93,144.4,3286055.78
22/02/2019,ETHUSD,144.4,147.99,142.2,146.61,4588219.01
23/02/2019,ETHUSD,146.61,159.43,144.31,157.67,2940746.02
24/02/2019,ETHUSD,157.67,165.5,129.32,131.82,13095889.8
25/02/2019,ETHUSD,131.82,141.02,131.32,137.69,4931276.19
26/02/2019,ETHUSD,137.69,138.09,133.12,135.95,1953411.12
27/02/2019,ETHUSD,135.95,139.55,125.77,134.47,3822219.25
28/02/2019,ETHUSD,134.47,138.94,131.69,134.7,2783047
01/03/2019,ETHUSD,134.7,137.53,133.95,134.91,1563828.89
02/03/2019,ETHUSD,134.91,136.2,129.69,132.32,1840079.38
03/03/2019,ETHUSD,132.32,134.56,127.39,129.66,898938.54
04/03/2019,ETHUSD,129.66,130.35,122.61,125.38,1997439.6
05/03/2019,ETHUSD,125.38,137.52,124.9,136.32,3396222.99
06/03/2019,ETHUSD,136.32,140.18,133.31,137.03,2786914.81
07/03/2019,ETHUSD,137.03,139.5,134.84,136.22,2404630.44
08/03/2019,ETHUSD,136.22,138.62,130,132.91,2194231.1
09/03/2019,ETHUSD,132.91,138.04,132.12,136.34,845377.88
10/03/2019,ETHUSD,136.34,136.55,133.47,134.64,399229.79
11/03/2019,ETHUSD,134.64,135.39,130.55,131.89,1708943.03
12/03/2019,ETHUSD,131.89,134.41,127.69,132.77,2007158.48
13/03/2019,ETHUSD,132.77,132.85,130.25,131.11,817159.62
14/03/2019,ETHUSD,131.11,134.7,128.9,131.46,1941623.16
15/03/2019,ETHUSD,131.46,136.81,131.46,135.65,1948988.03
16/03/2019,ETHUSD,135.65,144.78,135.65,140.62,5510601.85
17/03/2019,ETHUSD,140.62,140.79,136.75,138.11,1520583.52
18/03/2019,ETHUSD,138.11,141.2,135.57,137,1595768.5
19/03/2019,ETHUSD,137,138.62,136.27,138.08,1185452.64
20/03/2019,ETHUSD,138.08,139.22,135.53,138.67,3544391.43
21/03/2019,ETHUSD,138.67,139.13,132.08,134.57,2059830.96
22/03/2019,ETHUSD,134.57,137.08,134.06,136,763133.17
23/03/2019,ETHUSD,136,137.64,135.5,136.54,347082.18
24/03/2019,ETHUSD,136.54,136.56,132.33,135.45,3508620.33
25/03/2019,ETHUSD,135.45,136.13,130.69,133.07,1774228.97
26/03/2019,ETHUSD,133.07,133.76,131.56,133.15,2005340.08
27/03/2019,ETHUSD,133.15,139.73,133.06,139.12,1974892.89
28/03/2019,ETHUSD,139.12,139.12,136.65,137.4,2207321.35
29/03/2019,ETHUSD,137.4,141.65,137.04,141,1395214.86
30/03/2019,ETHUSD,141,145.74,140.13,142.06,839862.79
31/03/2019,ETHUSD,142.06,142.1,140.19,141.37,282086.78
01/04/2019,ETHUSD,141.37,142.91,138.85,140.93,1597813.85
02/04/2019,ETHUSD,140.93,167.47,140.84,164.67,11863801.14
03/04/2019,ETHUSD,164.67,179.94,150.51,160.92,18328610.72
04/04/2019,ETHUSD,160.92,164.84,153.58,157.8,9311497.8
05/04/2019,ETHUSD,157.8,168.51,156.17,166.05,3899212.56
06/04/2019,ETHUSD,166.05,174.49,160.33,165.71,2014868.05
07/04/2019,ETHUSD,165.71,176.96,164.22,174.88,3004578.82
08/04/2019,ETHUSD,174.88,188,174.11,181.15,12146380.36
09/04/2019,ETHUSD,181.15,181.15,174.49,175.97,3399541.62
10/04/2019,ETHUSD,175.97,185.48,170.51,177.63,4914483.07
11/04/2019,ETHUSD,177.63,177.66,160.51,164.87,6164432.86
12/04/2019,ETHUSD,164.87,167.27,159.22,165.27,2926192.07
13/04/2019,ETHUSD,165.27,166.04,162.28,164.01,1127072.4
14/04/2019,ETHUSD,164.01,169.03,162,168.29,929329.59
15/04/2019,ETHUSD,168.29,169.79,156,160.39,3135540.57
16/04/2019,ETHUSD,160.39,167.95,159.76,166.64,2011346.52
17/04/2019,ETHUSD,166.64,168.62,164.62,166.61,1682656.28
18/04/2019,ETHUSD,166.61,176.19,166.18,173.69,3307402.25
19/04/2019,ETHUSD,173.69,174.3,169.3,174.24,2310068.07
20/04/2019,ETHUSD,174.24,177.71,171,173.89,760656.81
21/04/2019,ETHUSD,173.89,174.48,166.29,170.13,1434116.78
22/04/2019,ETHUSD,170.13,173.59,168.48,171.56,1436327.03
23/04/2019,ETHUSD,171.56,176.95,168.98,171.06,3415732.05
24/04/2019,ETHUSD,171.06,171.06,160.31,165.84,5074334.51
25/04/2019,ETHUSD,165.84,166.29,146.9,152.19,4755559.48
26/04/2019,ETHUSD,152.19,155.86,148.37,152.5,3344033.97
27/04/2019,ETHUSD,152.5,158.1,152.5,155.47,1311249.03
28/04/2019,ETHUSD,155.47,156.72,152.47,153.09,1110962.66
29/04/2019,ETHUSD,153.09,154.7,148.82,152.31,1671166.72
30/04/2019,ETHUSD,152.31,161.13,152.31,160.41,2908885.64
01/05/2019,ETHUSD,160.41,162.65,156.53,158.63,1142153.85
02/05/2019,ETHUSD,158.63,160.56,155.79,158.75,1518639.9
03/05/2019,ETHUSD,158.75,169,157.88,165.09,3202390.49
04/05/2019,ETHUSD,165.09,168.34,158,162.23,1215832.6
05/05/2019,ETHUSD,162.23,163.65,157.45,161.31,737914.3
06/05/2019,ETHUSD,161.31,175.92,157.8,171.16,3966861.88
07/05/2019,ETHUSD,171.16,180.79,165.5,166.79,4549767.21
08/05/2019,ETHUSD,166.79,171.66,162,169.65,3201294.69
09/05/2019,ETHUSD,169.65,173.2,165.3,170.02,2384589.64
10/05/2019,ETHUSD,170.02,176,167.5,173.99,3108110.02
11/05/2019,ETHUSD,173.99,208.23,173.11,192.54,7782464.03
12/05/2019,ETHUSD,192.54,204.17,182.43,187.86,7262389.54
13/05/2019,ETHUSD,187.86,209.53,185.65,196.2,13678307.24
14/05/2019,ETHUSD,196.2,220.59,195.41,217.22,13734942.11
15/05/2019,ETHUSD,217.22,251,217.22,249.95,20863901.65
16/05/2019,ETHUSD,249.95,280.41,242.38,265.01,26728002.47
17/05/2019,ETHUSD,265.01,269.21,222.59,244.92,13664805.05
18/05/2019,ETHUSD,244.92,248.73,231.35,235.05,3330516.42
19/05/2019,ETHUSD,235.05,264.84,232.99,260.73,3948241.08
20/05/2019,ETHUSD,260.73,260.73,239.23,252.98,6617667.12
21/05/2019,ETHUSD,252.98,264.42,248,255.06,5092560.69
22/05/2019,ETHUSD,255.06,261.13,240,243.77,7824856.76
23/05/2019,ETHUSD,243.77,248.51,231.5,245.92,3637660.41
24/05/2019,ETHUSD,245.92,256.11,242.52,250.1,2363461.7
25/05/2019,ETHUSD,250.1,258.48,248.57,252.19,2117674.87
26/05/2019,ETHUSD,252.19,271.32,246.4,268.22,4825928.92
27/05/2019,ETHUSD,268.22,279.99,264.65,271.63,7315778.52
28/05/2019,ETHUSD,271.63,276.39,265.49,271.48,3495232.79
29/05/2019,ETHUSD,271.48,274.59,260.14,269.36,6710602.6
30/05/2019,ETHUSD,269.36,288.93,239,254.41,13290989.48
31/05/2019,ETHUSD,254.41,264.21,245.51,262.71,5134366.36
01/06/2019,ETHUSD,262.71,273,261.13,265.06,1288473.98
02/06/2019,ETHUSD,265.06,274,264.2,269.4,1264050.79
03/06/2019,ETHUSD,269.4,270,246.59,249.63,3843371.61
04/06/2019,ETHUSD,249.63,250.96,232.93,240.89,5478388.26
05/06/2019,ETHUSD,240.89,249.14,237.28,246.21,3013317.48
06/06/2019,ETHUSD,246.21,250.99,235.52,249.03,2066557.25
07/06/2019,ETHUSD,249.03,254.36,240,249.29,9281789.46
08/06/2019,ETHUSD,249.29,251.04,241.78,244.2,1660806.94
09/06/2019,ETHUSD,244.2,245.33,226.55,231.6,1335087.21
10/06/2019,ETHUSD,231.6,247.79,227.83,247.39,1722444.27
11/06/2019,ETHUSD,247.39,249.04,237.26,245.28,1899953.63
12/06/2019,ETHUSD,245.28,263.82,243.29,263.72,4025581.61
13/06/2019,ETHUSD,263.72,264.52,254.28,256.03,2292244.58
14/06/2019,ETHUSD,256.03,266.19,252.99,263.76,2472595.72
15/06/2019,ETHUSD,263.76,273.03,262,269.21,1677399.76
16/06/2019,ETHUSD,269.21,279,263.55,268.67,2225744.08
17/06/2019,ETHUSD,268.67,275.79,267.73,273.88,3097331.05
18/06/2019,ETHUSD,273.88,274.19,261.02,264.23,3719188.93
19/06/2019,ETHUSD,264.23,270.01,263.53,268.97,2344485.97
20/06/2019,ETHUSD,268.97,274.44,266.33,272,2728030.15
21/06/2019,ETHUSD,272,297.59,272,296.71,7076651.65
22/06/2019,ETHUSD,296.71,316.13,293.65,308.92,14784734.42
23/06/2019,ETHUSD,308.92,317.68,304.2,306.87,3810739.71
24/06/2019,ETHUSD,306.87,313.23,295.23,311.05,3821777.34
25/06/2019,ETHUSD,311.05,317.24,305,316.32,5697577.87
26/06/2019,ETHUSD,316.32,363.85,313.48,334.21,23177869.65
27/06/2019,ETHUSD,334.21,343.17,274.2,293.56,16717154.89
28/06/2019,ETHUSD,293.56,312.55,290,309.74,8797794.22
29/06/2019,ETHUSD,309.74,324.19,291.73,318,4758073.89
30/06/2019,ETHUSD,318,323.17,286.14,289.5,5034162.17
01/07/2019,ETHUSD,289.5,301,278.79,289.02,6159198.24
02/07/2019,ETHUSD,289.02,293.43,271.42,290.66,5777396.05
03/07/2019,ETHUSD,290.66,303.64,289.73,302.53,4549604.83
04/07/2019,ETHUSD,302.53,303.8,280.28,283.86,2789608.85
05/07/2019,ETHUSD,283.86,294.89,280.05,288.05,3178241.4
06/07/2019,ETHUSD,288.05,297.78,285.5,287.87,1465677.65
07/07/2019,ETHUSD,287.87,310.98,284.53,306.58,2103382.38
08/07/2019,ETHUSD,306.58,314.82,302.66,313.63,7459706.47
09/07/2019,ETHUSD,313.63,318.4,303.15,308.28,6442723.13
10/07/2019,ETHUSD,308.28,315,281.27,288.73,11081402.23
11/07/2019,ETHUSD,288.73,288.73,262.04,267.72,8970630.45
12/07/2019,ETHUSD,267.72,279.55,266.62,275.59,2371815.96
13/07/2019,ETHUSD,275.59,275.97,261.89,269.52,1584919.51
14/07/2019,ETHUSD,269.52,270.04,222.92,226.33,9928954.25
15/07/2019,ETHUSD,226.33,235.97,202.61,227.95,16544190.21
16/07/2019,ETHUSD,227.95,234.38,190,198.71,15328018.66
17/07/2019,ETHUSD,198.71,220,192.19,211.61,8218606.94
18/07/2019,ETHUSD,211.61,229.49,206.56,226.33,6776966.94
19/07/2019,ETHUSD,226.33,226.7,213.16,221.53,3928710.89
20/07/2019,ETHUSD,221.53,236,220.6,228.5,3778342.37
21/07/2019,ETHUSD,228.5,229.58,217.85,225.55,773715.97
22/07/2019,ETHUSD,225.55,228.01,211.43,216.89,4587244.95
23/07/2019,ETHUSD,216.89,219,208.36,212.36,2642536.15
24/07/2019,ETHUSD,212.36,218.1,201.02,216.51,2925929.85
25/07/2019,ETHUSD,216.51,225.9,215.41,219.9,2467617.18
26/07/2019,ETHUSD,219.9,220.78,212.79,219.58,1005454.01
27/07/2019,ETHUSD,219.58,223.8,202.01,207.07,2608194.81
28/07/2019,ETHUSD,207.07,213.59,197.77,210.81,1838701.56
29/07/2019,ETHUSD,210.81,215.23,205.52,210.83,1599822.25
30/07/2019,ETHUSD,210.83,214.77,203.66,209.77,1771852.58
31/07/2019,ETHUSD,209.77,218.92,209.77,218.47,1553455.71
01/08/2019,ETHUSD,218.47,218.91,211.58,217.47,2278275.65
02/08/2019,ETHUSD,217.47,222.58,215,217.51,1884233.17
03/08/2019,ETHUSD,217.51,224.5,216.53,221.67,2096479.79
04/08/2019,ETHUSD,221.67,223.89,217.33,222.96,638130.89
05/08/2019,ETHUSD,222.96,236.8,222.96,232.9,3598522.86
06/08/2019,ETHUSD,232.9,239.14,222.61,225.98,3864896.3
07/08/2019,ETHUSD,225.98,231.22,220.12,226.1,3484463.4
08/08/2019,ETHUSD,226.1,226.78,214.5,219.02,2517818.7
09/08/2019,ETHUSD,219.19,220,206.89,210.12,3585468.12
10/08/2019,ETHUSD,210.12,214.43,200.75,206.17,3452036
11/08/2019,ETHUSD,206.17,216.54,205.88,216.06,1384326.03
12/08/2019,ETHUSD,216.06,216.06,209.49,211.15,1307435.29
13/08/2019,ETHUSD,211.15,211.2,202.91,208.21,4014606.15
14/08/2019,ETHUSD,208.21,209.03,181.71,186.21,9728853.78
15/08/2019,ETHUSD,186.21,189.69,173.58,187.98,8726927.4
16/08/2019,ETHUSD,187.98,188.14,177.99,185.29,4447309.44
17/08/2019,ETHUSD,185.29,187.19,181.99,185.49,530026.36
18/08/2019,ETHUSD,185.49,198.03,183.4,194.67,1235359.38
19/08/2019,ETHUSD,194.67,203.57,193.08,202.63,2566365.59
20/08/2019,ETHUSD,202.63,202.94,194.63,196.81,2182906.16